timestamp,shift,inflow_m3,outflow_m3,is_backwash,turbidity_ntu,ph_air_baku,pac_used_kg,pac_ideal_kg,water_loss_m3,loss_percentage,status_neraca_air,pac_waste_kg,waste_cost_idr,turbidity_category
2026-08-01 00:00:00,Shift 3 (Malam),8774.51,8531.1,0,89.0,7.05,271.25,230.29,243.40999999999985,2.774058038568534,Normal,40.96000000000001,266240.00000000006,Sedang (50-150 NTU)
2026-08-01 01:00:00,Shift 3 (Malam),8679.26,8056.4,1,39.7,7.38,157.07,159.29,622.8600000000006,7.176418266073381,Normal (Proses Backwash),0.0,0.0,Rendah (<50 NTU)
2026-08-01 02:00:00,Shift 3 (Malam),8797.15,8523.58,0,84.1,6.83,267.42,223.96,273.5699999999997,3.1097571372546757,Normal,43.46000000000001,282490.00000000006,Sedang (50-150 NTU)
2026-08-01 03:00:00,Shift 3 (Malam),8928.45,8674.07,0,72.5,7.19,217.88,210.78,254.38000000000102,2.8490947476885795,Normal,7.099999999999994,46149.99999999996,Sedang (50-150 NTU)
2026-08-01 04:00:00,Shift 3 (Malam),8664.88,8436.88,0,62.6,7.27,171.56,190.73,228.0,2.631311685793687,Normal,0.0,0.0,Sedang (50-150 NTU)
2026-08-01 05:00:00,Shift 3 (Malam),8664.88,8429.39,0,56.7,7.01,180.03,182.64,235.48999999999978,2.7177525828401525,Normal,0.0,0.0,Sedang (50-150 NTU)
2026-08-01 06:00:00,Shift 3 (Malam),8936.88,8696.35,0,85.0,7.07,251.06,228.77,240.52999999999884,2.6914314615391377,Normal,22.289999999999992,144884.99999999994,Sedang (50-150 NTU)
2026-08-01 07:00:00,Shift 3 (Malam),8815.12,8483.23,0,52.3,7.2,179.9,179.6,331.89000000000124,3.7650083039141977,Normal,0.30000000000001137,1950.000000000074,Sedang (50-150 NTU)
2026-08-01 08:00:00,Shift 1 (Pagi),8629.58,8328.66,0,119.5,7.39,288.15,268.55,300.9200000000001,3.4870758484190434,Normal,19.599999999999966,127399.99999999978,Sedang (50-150 NTU)
2026-08-01 09:00:00,Shift 1 (Pagi),8781.38,8451.37,0,95.3,6.99,264.9,239.28,330.0099999999984,3.7580653610252424,Normal,25.619999999999976,166529.99999999985,Sedang (50-150 NTU)
2026-08-01 10:00:00,Shift 1 (Pagi),8630.49,8365.39,0,87.1,7.03,238.56,223.9,265.10000000000036,3.0716680049452623,Normal,14.659999999999997,95289.99999999997,Sedang (50-150 NTU)
2026-08-01 11:00:00,Shift 1 (Pagi),8630.14,8383.16,0,117.3,7.43,276.27,265.53,246.97999999999956,2.861830746662274,Normal,10.740000000000009,69810.00000000006,Sedang (50-150 NTU)
2026-08-01 12:00:00,Shift 1 (Pagi),8736.29,8427.22,0,38.0,7.15,154.75,157.91,309.0700000000015,3.537771754371724,Normal,0.0,0.0,Rendah (<50 NTU)
2026-08-01 13:00:00,Shift 1 (Pagi),8413.01,7787.0,1,46.5,7.04,176.93,163.56,626.0100000000002,7.440975346516885,Normal (Proses Backwash),13.370000000000005,86905.00000000003,Rendah (<50 NTU)
2026-08-01 14:00:00,Shift 1 (Pagi),8441.26,8197.38,0,97.1,7.35,212.62,232.42,243.88000000000102,2.889142142286827,Normal,0.0,0.0,Sedang (50-150 NTU)
2026-08-01 15:00:00,Shift 1 (Pagi),8615.66,8374.22,0,58.0,7.1,187.9,183.3,241.4400000000005,2.80233899666422,Normal,4.599999999999994,29899.999999999964,Sedang (50-150 NTU)
2026-08-01 16:00:00,Shift 2 (Sore),8548.08,8319.96,0,60.8,7.41,186.74,185.66,228.1200000000008,2.6686694555970556,Normal,1.0800000000000125,7020.000000000081,Sedang (50-150 NTU)
2026-08-01 17:00:00,Shift 2 (Sore),8747.14,8499.3,0,44.3,7.07,177.16,166.99,247.84000000000015,2.833383254412301,Normal,10.169999999999987,66104.99999999991,Rendah (<50 NTU)
2026-08-01 18:00:00,Shift 2 (Sore),8563.8,8310.14,0,52.4,7.17,185.53,174.55,253.65999999999985,2.962002849202455,Normal,10.97999999999999,71369.99999999993,Sedang (50-150 NTU)
2026-08-01 19:00:00,Shift 2 (Sore),8488.15,8201.58,0,120.7,7.39,307.42,265.75,286.5699999999997,3.376118471044924,Normal,41.670000000000016,270855.0000000001,Sedang (50-150 NTU)
2026-08-01 20:00:00,Shift 2 (Sore),8919.85,8689.6,0,96.1,7.15,294.7,244.22,230.25,2.581321434777491,Normal,50.47999999999999,328119.99999999994,Sedang (50-150 NTU)
2026-08-01 21:00:00,Shift 2 (Sore),8666.13,8425.76,0,84.6,7.35,219.21,221.3,240.36999999999898,2.7736717542893885,Normal,0.0,0.0,Sedang (50-150 NTU)
2026-08-01 22:00:00,Shift 2 (Sore),8710.13,8400.77,0,61.7,7.19,236.04,190.45,309.35999999999876,3.5517265528757758,Normal,45.59,296335.0,Sedang (50-150 NTU)
2026-08-01 23:00:00,Shift 2 (Sore),8486.29,8257.92,0,82.4,7.6,217.52,213.74,228.3700000000008,2.6910463818700605,Normal,3.780000000000001,24570.000000000007,Sedang (50-150 NTU)
2026-08-02 00:00:00,Shift 3 (Malam),8618.34,8364.49,0,125.4,7.51,302.2,276.29,253.85000000000036,2.9454628153449547,Normal,25.909999999999968,168414.9999999998,Sedang (50-150 NTU)
2026-08-02 01:00:00,Shift 3 (Malam),8716.64,8020.74,1,58.5,6.93,208.7,186.2,695.8999999999996,7.983580829310373,Normal (Proses Backwash),22.5,146250.0,Sedang (50-150 NTU)
2026-08-02 02:00:00,Shift 3 (Malam),8527.35,8296.99,0,77.2,7.3,264.88,207.66,230.36000000000058,2.701425413522379,Normal,57.22,371930.0,Sedang (50-150 NTU)
2026-08-02 03:00:00,Shift 3 (Malam),8756.35,8528.03,0,159.6,7.04,340.7,328.67,228.3199999999997,2.6074791437071347,Normal,12.029999999999973,78194.99999999983,Tinggi (150-300 NTU)
2026-08-02 04:00:00,Shift 3 (Malam),8609.9,8340.42,0,104.9,7.24,232.09,247.89,269.47999999999956,3.129885364522231,Normal,0.0,0.0,Sedang (50-150 NTU)
2026-08-02 05:00:00,Shift 3 (Malam),8656.25,8405.81,0,62.0,7.21,227.53,189.73,250.4400000000005,2.8931696750902587,Normal,37.80000000000001,245700.0000000001,Sedang (50-150 NTU)
2026-08-02 06:00:00,Shift 3 (Malam),8609.74,8331.44,0,101.3,6.99,246.14,242.9,278.2999999999993,3.232385646953326,Normal,3.2399999999999807,21059.999999999873,Sedang (50-150 NTU)
2026-08-02 07:00:00,Shift 3 (Malam),8977.84,8659.58,0,41.7,7.41,176.24,167.68,318.2600000000002,3.544950678559656,Normal,8.560000000000002,55640.000000000015,Rendah (<50 NTU)
2026-08-02 08:00:00,Shift 1 (Pagi),8697.98,8465.02,0,75.9,7.24,208.08,210.06,232.95999999999913,2.678323012929429,Normal,0.0,0.0,Sedang (50-150 NTU)
2026-08-02 09:00:00,Shift 1 (Pagi),8541.34,8263.33,0,101.3,7.14,253.27,240.91,278.0100000000002,3.254875698660868,Normal,12.360000000000014,80340.00000000009,Sedang (50-150 NTU)
2026-08-02 10:00:00,Shift 1 (Pagi),8823.38,8544.81,0,91.7,7.11,238.4,235.39,278.5699999999997,3.1571801282501686,Normal,3.0100000000000193,19565.000000000127,Sedang (50-150 NTU)
2026-08-02 11:00:00,Shift 1 (Pagi),8516.87,8288.0,0,100.9,7.23,271.79,239.65,228.8700000000008,2.6872548248358936,Normal,32.140000000000015,208910.0000000001,Sedang (50-150 NTU)
2026-08-02 12:00:00,Shift 1 (Pagi),8731.33,8442.22,0,110.5,7.28,281.5,259.1,289.1100000000006,3.3111793964951572,Normal,22.399999999999977,145599.99999999985,Sedang (50-150 NTU)
2026-08-02 13:00:00,Shift 1 (Pagi),8406.05,7786.0,1,94.8,7.18,234.17,228.35,620.0499999999993,7.376234973620183,Normal (Proses Backwash),5.819999999999993,37829.999999999956,Sedang (50-150 NTU)
2026-08-02 14:00:00,Shift 1 (Pagi),8500.77,8234.34,0,93.6,6.63,265.98,229.36,266.4300000000003,3.1341866677959795,Normal,36.620000000000005,238030.00000000003,Sedang (50-150 NTU)
2026-08-02 15:00:00,Shift 1 (Pagi),8729.53,8501.95,0,85.4,7.2,246.54,224.05,227.57999999999993,2.6070132068965903,Normal,22.48999999999998,146184.99999999988,Sedang (50-150 NTU)
2026-08-02 16:00:00,Shift 2 (Sore),8810.77,8537.86,0,50.2,6.91,164.61,176.56,272.90999999999985,3.097459132402728,Normal,0.0,0.0,Sedang (50-150 NTU)
2026-08-02 17:00:00,Shift 2 (Sore),8725.71,8472.8,0,120.7,7.16,315.1,273.15,252.90999999999985,2.8984460863356665,Normal,41.950000000000045,272675.0000000003,Sedang (50-150 NTU)
2026-08-02 18:00:00,Shift 2 (Sore),8682.65,8372.76,0,77.1,6.92,231.26,211.23,309.8899999999994,3.5690716543912218,Normal,20.03,130195.00000000001,Sedang (50-150 NTU)
2026-08-02 19:00:00,Shift 2 (Sore),8654.83,8432.05,0,103.8,6.92,295.0,247.64,222.78000000000065,2.574054025324595,Normal,47.360000000000014,307840.0000000001,Sedang (50-150 NTU)
2026-08-02 20:00:00,Shift 2 (Sore),8478.22,8220.13,0,115.2,7.45,281.24,258.04,258.09000000000015,3.044153135917683,Normal,23.19999999999999,150799.9999999999,Sedang (50-150 NTU)
2026-08-02 21:00:00,Shift 2 (Sore),8592.02,8326.02,0,63.2,7.14,193.14,189.98,266.0,3.0958959592738378,Normal,3.1599999999999966,20539.999999999978,Sedang (50-150 NTU)
2026-08-02 22:00:00,Shift 2 (Sore),8630.9,8333.78,0,65.4,7.12,206.17,193.84,297.119999999999,3.442514685606356,Normal,12.329999999999984,80144.9999999999,Sedang (50-150 NTU)
2026-08-02 23:00:00,Shift 2 (Sore),8858.57,8570.97,0,68.9,7.3,233.33,203.9,287.60000000000036,3.2465736569220582,Normal,29.430000000000007,191295.00000000006,Sedang (50-150 NTU)
2026-08-03 00:00:00,Shift 3 (Malam),8751.54,8456.85,0,130.8,7.13,293.4,288.11,294.6900000000005,3.3672930707052755,Normal,5.289999999999964,34384.99999999977,Sedang (50-150 NTU)
2026-08-03 01:00:00,Shift 3 (Malam),8435.54,7759.44,1,54.1,7.62,182.08,174.28,676.1000000000013,8.01489886835936,Normal (Proses Backwash),7.800000000000011,50700.00000000007,Sedang (50-150 NTU)
2026-08-03 02:00:00,Shift 3 (Malam),8748.61,8431.84,0,140.9,7.15,321.06,302.25,316.77000000000044,3.620803761969049,Normal,18.810000000000002,122265.00000000001,Sedang (50-150 NTU)
2026-08-03 03:00:00,Shift 3 (Malam),8642.24,8390.92,0,85.0,7.27,218.62,221.26,251.3199999999997,2.9080423593883036,Normal,0.0,0.0,Sedang (50-150 NTU)
2026-08-03 04:00:00,Shift 3 (Malam),8598.46,8323.36,0,87.5,7.39,227.97,223.61,275.09999999999854,3.1994101269296893,Normal,4.359999999999985,28339.999999999905,Sedang (50-150 NTU)
2026-08-03 05:00:00,Shift 3 (Malam),8791.75,8475.94,0,113.0,7.52,289.24,264.43,315.8099999999995,3.5921176102596126,Normal,24.810000000000002,161265.00000000003,Sedang (50-150 NTU)
2026-08-03 06:00:00,Shift 3 (Malam),8854.65,8519.39,0,81.1,7.05,260.06,221.11,335.2600000000002,3.7862591971450055,Normal,38.94999999999999,253174.9999999999,Sedang (50-150 NTU)
2026-08-03 07:00:00,Shift 3 (Malam),8839.69,8516.48,0,121.2,7.12,306.81,277.56,323.21000000000095,3.6563499398734676,Normal,29.25,190125.0,Sedang (50-150 NTU)
2026-08-03 08:00:00,Shift 1 (Pagi),8574.12,8318.36,0,63.2,7.45,204.0,189.54,255.76000000000022,2.9829300266383045,Normal,14.460000000000008,93990.00000000006,Sedang (50-150 NTU)
2026-08-03 09:00:00,Shift 1 (Pagi),8653.62,8415.32,0,138.9,7.36,300.12,296.13,238.3000000000011,2.7537608538392147,Normal,3.990000000000009,25935.00000000006,Sedang (50-150 NTU)
2026-08-03 10:00:00,Shift 1 (Pagi),8749.69,8475.28,0,65.1,7.42,228.95,196.09,274.40999999999985,3.1362253976998025,Normal,32.859999999999985,213589.9999999999,Sedang (50-150 NTU)
2026-08-03 11:00:00,Shift 1 (Pagi),8846.33,8539.88,0,141.3,6.93,341.22,306.12,306.4500000000007,3.4641484095664614,Normal,35.10000000000002,228150.00000000015,Sedang (50-150 NTU)
2026-08-03 12:00:00,Shift 1 (Pagi),8628.12,8357.17,0,65.8,7.51,198.87,194.31,270.9500000000007,3.1403133011594724,Normal,4.560000000000002,29640.000000000015,Sedang (50-150 NTU)
2026-08-03 13:00:00,Shift 1 (Pagi),8672.15,8020.87,1,69.6,7.05,231.19,200.71,651.2799999999997,7.51001770033959,Normal (Proses Backwash),30.47999999999999,198119.99999999994,Sedang (50-150 NTU)
2026-08-03 14:00:00,Shift 1 (Pagi),8534.05,8227.7,0,51.8,7.24,194.74,173.14,306.34999999999854,3.5897375806328595,Normal,21.600000000000023,140400.00000000015,Sedang (50-150 NTU)
2026-08-03 15:00:00,Shift 1 (Pagi),8520.57,8267.52,0,57.0,7.17,182.61,179.93,253.04999999999927,2.9698717339332847,Normal,2.680000000000007,17420.000000000044,Sedang (50-150 NTU)
2026-08-03 16:00:00,Shift 2 (Sore),8821.88,8502.73,0,77.2,7.02,230.29,214.84,319.14999999999964,3.617709603848609,Normal,15.449999999999989,100424.99999999993,Sedang (50-150 NTU)
2026-08-03 17:00:00,Shift 2 (Sore),8903.44,8633.76,0,86.4,6.92,239.18,229.86,269.6800000000003,3.028941622563866,Normal,9.319999999999993,60579.999999999956,Sedang (50-150 NTU)
2026-08-03 18:00:00,Shift 2 (Sore),8689.2,8434.89,0,117.4,6.85,345.19,267.45,254.3100000000013,2.9267366385858455,Normal,77.74000000000001,505310.00000000006,Sedang (50-150 NTU)
2026-08-03 19:00:00,Shift 2 (Sore),8850.53,8577.03,0,71.6,7.22,233.11,207.66,273.5,3.0902104167773,Normal,25.450000000000017,165425.00000000012,Sedang (50-150 NTU)
2026-08-03 20:00:00,Shift 2 (Sore),8754.25,8448.62,0,49.4,6.89,190.83,174.28,305.6299999999992,3.4912185509895104,Normal,16.55000000000001,107575.00000000007,Rendah (<50 NTU)
2026-08-03 21:00:00,Shift 2 (Sore),8603.23,8374.06,0,91.8,6.97,256.69,229.63,229.17000000000007,2.6637669805410304,Normal,27.060000000000002,175890.00000000003,Sedang (50-150 NTU)
2026-08-03 22:00:00,Shift 2 (Sore),8754.21,8513.0,0,84.0,7.16,265.02,222.65,241.20999999999913,2.755359992506453,Normal,42.369999999999976,275404.9999999998,Sedang (50-150 NTU)
2026-08-03 23:00:00,Shift 2 (Sore),8930.71,8596.98,0,96.1,6.67,262.4,244.47,333.72999999999956,3.7368809422767013,Normal,17.92999999999998,116544.99999999985,Sedang (50-150 NTU)
2026-08-04 00:00:00,Shift 3 (Malam),8694.63,8457.42,0,60.1,7.36,194.11,187.94,237.20999999999913,2.728235704107008,Normal,6.170000000000016,40105.0000000001,Sedang (50-150 NTU)
2026-08-04 01:00:00,Shift 3 (Malam),8934.7,8265.39,1,62.8,6.72,226.06,197.0,669.3100000000013,7.491130088307401,Normal (Proses Backwash),29.060000000000002,188890.00000000003,Sedang (50-150 NTU)
2026-08-04 02:00:00,Shift 3 (Malam),8307.04,8036.8,0,60.1,7.18,191.43,179.57,270.2400000000007,3.2531443209615056,Normal,11.860000000000014,77090.00000000009,Sedang (50-150 NTU)
2026-08-04 03:00:00,Shift 3 (Malam),8823.29,8546.54,0,127.4,7.2,284.07,285.67,276.75,3.136585106009209,Normal,0.0,0.0,Sedang (50-150 NTU)
2026-08-04 04:00:00,Shift 3 (Malam),8713.06,8422.2,0,139.5,7.31,292.67,299.0,290.85999999999876,3.338207242920384,Normal,0.0,0.0,Sedang (50-150 NTU)
2026-08-04 05:00:00,Shift 3 (Malam),8655.15,8412.91,0,61.8,7.19,227.74,189.42,242.23999999999978,2.7987960924998387,Normal,38.32000000000002,249080.00000000015,Sedang (50-150 NTU)
2026-08-04 06:00:00,Shift 3 (Malam),8713.76,8433.32,0,62.3,7.6,208.68,191.36,280.4400000000005,3.218358091111076,Normal,17.319999999999993,112579.99999999996,Sedang (50-150 NTU)
2026-08-04 07:00:00,Shift 3 (Malam),8401.86,8151.17,0,101.8,7.24,245.46,237.66,250.6900000000005,2.983744075716573,Normal,7.800000000000011,50700.00000000007,Sedang (50-150 NTU)
2026-08-04 08:00:00,Shift 1 (Pagi),8667.05,8375.82,0,146.5,7.41,326.01,307.19,291.22999999999956,3.3601975297246423,Normal,18.819999999999993,122329.99999999996,Sedang (50-150 NTU)
2026-08-04 09:00:00,Shift 1 (Pagi),8753.57,8518.66,0,161.1,7.06,378.51,330.7,234.90999999999985,2.6835908092355445,Normal,47.81,310765.0,Tinggi (150-300 NTU)
2026-08-04 10:00:00,Shift 1 (Pagi),8921.68,8632.43,0,60.7,7.22,204.69,193.73,289.25,3.242102384304301,Normal,10.960000000000008,71240.00000000006,Sedang (50-150 NTU)
2026-08-04 11:00:00,Shift 1 (Pagi),8622.26,8385.94,0,66.6,7.51,188.38,195.41,236.3199999999997,2.7408127335524526,Normal,0.0,0.0,Sedang (50-150 NTU)
2026-08-04 12:00:00,Shift 1 (Pagi),8578.73,8333.18,0,88.2,7.15,247.81,224.04,245.54999999999927,2.8623117874090838,Normal,23.77000000000001,154505.00000000006,Sedang (50-150 NTU)
2026-08-04 13:00:00,Shift 1 (Pagi),8624.74,8004.6,1,90.0,7.24,267.95,227.72,620.1399999999994,7.190245734943887,Normal (Proses Backwash),40.22999999999999,261494.99999999994,Sedang (50-150 NTU)
2026-08-04 14:00:00,Shift 1 (Pagi),8837.31,8595.37,0,72.8,7.4,244.72,208.93,241.9399999999987,2.7377109097677765,Normal,35.78999999999999,232634.99999999994,Sedang (50-150 NTU)
2026-08-04 15:00:00,Shift 1 (Pagi),8749.31,8436.66,0,56.3,7.05,190.25,183.78,312.64999999999964,3.5734246472007465,Normal,6.469999999999999,42054.99999999999,Sedang (50-150 NTU)
2026-08-04 16:00:00,Shift 2 (Sore),8620.54,8373.0,0,77.3,6.77,248.13,210.01,247.54000000000087,2.871513849480437,Normal,38.120000000000005,247780.00000000003,Sedang (50-150 NTU)
2026-08-04 17:00:00,Shift 2 (Sore),8776.99,8451.78,0,161.0,7.25,363.63,331.47,325.2099999999991,3.705256585685971,Normal,32.15999999999997,209039.9999999998,Tinggi (150-300 NTU)
2026-08-04 18:00:00,Shift 2 (Sore),8714.56,8386.82,0,63.2,7.4,227.17,192.63,327.7399999999998,3.7608324459295686,Normal,34.53999999999999,224509.99999999994,Sedang (50-150 NTU)
2026-08-04 19:00:00,Shift 2 (Sore),8845.3,8558.48,0,86.0,6.93,256.51,227.83,286.8199999999997,3.24262602738177,Normal,28.67999999999998,186419.99999999985,Sedang (50-150 NTU)
2026-08-04 20:00:00,Shift 2 (Sore),8594.69,8363.85,0,210.8,7.33,376.55,392.95,230.84000000000015,2.6858443992744374,Normal,0.0,0.0,Tinggi (150-300 NTU)
2026-08-04 21:00:00,Shift 2 (Sore),8650.85,8392.46,0,62.8,7.34,232.66,190.74,258.39000000000124,2.986874122196099,Normal,41.91999999999999,272479.99999999994,Sedang (50-150 NTU)
2026-08-04 22:00:00,Shift 2 (Sore),8641.18,8335.54,0,103.8,6.75,268.08,247.27,305.6399999999994,3.537016935187086,Normal,20.809999999999974,135264.99999999983,Sedang (50-150 NTU)
2026-08-04 23:00:00,Shift 2 (Sore),8480.47,8227.96,0,164.2,7.01,365.57,324.62,252.51000000000022,2.9775472349999497,Normal,40.94999999999999,266174.99999999994,Tinggi (150-300 NTU)
2026-08-05 00:00:00,Shift 3 (Malam),8744.42,8515.92,0,100.0,7.12,238.16,244.9,228.5,2.61309497942688,Normal,0.0,0.0,Sedang (50-150 NTU)
2026-08-05 01:00:00,Shift 3 (Malam),8739.16,8077.42,1,123.4,7.16,310.76,277.35,661.7399999999998,7.57212363659665,Normal (Proses Backwash),33.40999999999997,217164.9999999998,Sedang (50-150 NTU)
2026-08-05 02:00:00,Shift 3 (Malam),8700.77,8387.66,0,109.9,7.05,300.66,257.36,313.1100000000006,3.598647016298564,Normal,43.30000000000001,281450.00000000006,Sedang (50-150 NTU)
2026-08-05 03:00:00,Shift 3 (Malam),8664.81,8358.54,0,96.7,7.04,293.9,238.01,306.2699999999986,3.5346418444258862,Normal,55.889999999999986,363284.9999999999,Sedang (50-150 NTU)
2026-08-05 04:00:00,Shift 3 (Malam),8487.69,8256.18,0,137.4,7.53,343.85,288.46,231.51000000000022,2.727597261445696,Normal,55.39000000000004,360035.0000000003,Sedang (50-150 NTU)
2026-08-05 05:00:00,Shift 3 (Malam),8636.9,8345.44,0,102.4,7.18,275.71,245.22,291.4599999999991,3.374590420173895,Normal,30.48999999999998,198184.99999999988,Sedang (50-150 NTU)
2026-08-05 06:00:00,Shift 3 (Malam),8648.59,8407.59,0,73.1,7.06,195.96,204.88,241.0,2.786581396505095,Normal,0.0,0.0,Sedang (50-150 NTU)
2026-08-05 07:00:00,Shift 3 (Malam),8579.66,8340.83,0,83.3,7.19,236.94,217.26,238.82999999999993,2.783676742435014,Normal,19.680000000000007,127920.00000000004,Sedang (50-150 NTU)
2026-08-05 08:00:00,Shift 1 (Pagi),8675.81,8360.33,0,91.3,7.31,238.38,230.85,315.47999999999956,3.6363175311584692,Normal,7.530000000000001,48945.00000000001,Sedang (50-150 NTU)
2026-08-05 09:00:00,Shift 1 (Pagi),8760.61,8513.16,0,66.5,7.21,217.92,198.33,247.45000000000073,2.824575001055871,Normal,19.589999999999975,127334.99999999984,Sedang (50-150 NTU)
2026-08-05 10:00:00,Shift 1 (Pagi),8982.93,8727.61,0,84.8,7.16,225.73,229.71,255.3199999999997,2.8422797461407323,Normal,0.0,0.0,Sedang (50-150 NTU)
2026-08-05 11:00:00,Shift 1 (Pagi),8726.19,8507.96,0,79.9,7.07,229.88,216.22,218.23000000000138,2.50086234656822,Normal,13.659999999999997,88789.99999999997,Sedang (50-150 NTU)
2026-08-05 12:00:00,Shift 1 (Pagi),8738.63,8421.26,0,102.3,7.07,257.49,247.92,317.369999999999,3.631804985449653,Normal,9.570000000000022,62205.00000000014,Sedang (50-150 NTU)
2026-08-05 13:00:00,Shift 1 (Pagi),8688.83,8002.08,1,184.8,7.08,374.2,361.14,686.75,7.9038259466464424,Normal (Proses Backwash),13.060000000000002,84890.00000000001,Tinggi (150-300 NTU)
2026-08-05 14:00:00,Shift 1 (Pagi),8412.18,8133.28,0,86.9,7.27,225.96,217.91,278.90000000000055,3.3154307206930964,Normal,8.050000000000011,52325.00000000007,Sedang (50-150 NTU)
2026-08-05 15:00:00,Shift 1 (Pagi),8696.02,8393.81,0,148.2,7.0,332.05,310.58,302.21000000000095,3.475267996163773,Normal,21.470000000000027,139555.00000000017,Sedang (50-150 NTU)
2026-08-05 16:00:00,Shift 2 (Sore),8709.03,8474.09,0,100.8,7.28,270.1,244.9,234.9400000000005,2.6976597853033057,Normal,25.200000000000017,163800.00000000012,Sedang (50-150 NTU)
2026-08-05 17:00:00,Shift 2 (Sore),9069.49,8788.71,0,84.7,7.48,203.92,231.69,280.78000000000065,3.0958741891771275,Normal,0.0,0.0,Sedang (50-150 NTU)
2026-08-05 18:00:00,Shift 2 (Sore),8671.15,8414.78,0,65.0,7.27,172.9,194.29,256.369999999999,2.9565859199760007,Normal,0.0,0.0,Sedang (50-150 NTU)
2026-08-05 19:00:00,Shift 2 (Sore),8745.23,8515.94,0,84.9,7.13,235.61,223.78,229.28999999999905,2.6218864455251496,Normal,11.830000000000013,76895.00000000009,Sedang (50-150 NTU)
2026-08-05 20:00:00,Shift 2 (Sore),8694.79,8422.47,0,82.8,6.94,233.61,219.52,272.3200000000015,3.131990536861747,Normal,14.090000000000003,91585.00000000003,Sedang (50-150 NTU)
2026-08-05 21:00:00,Shift 2 (Sore),8524.7,8209.54,0,58.6,7.52,199.53,182.2,315.15999999999985,3.6970215960678945,Normal,17.330000000000013,112645.00000000009,Sedang (50-150 NTU)
2026-08-05 22:00:00,Shift 2 (Sore),8871.42,8645.02,0,62.1,6.97,198.82,194.58,226.39999999999964,2.5520153481629735,Normal,4.239999999999981,27559.999999999873,Sedang (50-150 NTU)
2026-08-05 23:00:00,Shift 2 (Sore),8812.79,8559.08,0,91.6,7.37,253.92,234.95,253.71000000000095,2.878883985661759,Normal,18.97,123304.99999999999,Sedang (50-150 NTU)
2026-08-06 00:00:00,Shift 3 (Malam),8818.65,8574.4,0,147.5,7.33,342.3,314.0,244.25,2.7696983098320036,Normal,28.30000000000001,183950.0000000001,Sedang (50-150 NTU)
2026-08-06 01:00:00,Shift 3 (Malam),8563.59,7942.99,1,76.2,7.15,211.59,207.19,620.6000000000004,7.246960678874167,Normal (Proses Backwash),4.400000000000006,28600.000000000036,Sedang (50-150 NTU)
2026-08-06 02:00:00,Shift 3 (Malam),8910.42,8582.43,0,43.6,7.15,196.39,169.14,327.9899999999998,3.6809712673476644,Normal,27.25,177125.0,Rendah (<50 NTU)
2026-08-06 03:00:00,Shift 3 (Malam),8489.72,8225.82,0,33.9,6.83,161.9,147.97,263.89999999999964,3.108465296853131,Normal,13.930000000000007,90545.00000000004,Rendah (<50 NTU)
2026-08-06 04:00:00,Shift 3 (Malam),8788.03,8515.06,0,51.4,7.27,199.8,177.8,272.97000000000116,3.1061568975071903,Normal,22.0,143000.0,Sedang (50-150 NTU)
2026-08-06 05:00:00,Shift 3 (Malam),9028.57,8713.58,0,105.0,7.32,282.22,259.99,314.9899999999998,3.4888138431667453,Normal,22.230000000000018,144495.00000000012,Sedang (50-150 NTU)
2026-08-06 06:00:00,Shift 3 (Malam),8551.42,8320.46,0,46.5,6.98,207.51,166.23,230.96000000000095,2.700837989480121,Normal,41.28,268320.0,Rendah (<50 NTU)
2026-08-06 07:00:00,Shift 3 (Malam),8615.06,8345.11,0,112.2,7.17,291.0,258.04,269.9499999999989,3.133466278818707,Normal,32.95999999999998,214239.99999999985,Sedang (50-150 NTU)
2026-08-06 08:00:00,Shift 1 (Pagi),8714.95,8448.36,0,102.5,7.21,257.66,247.52,266.59000000000015,3.05899632241149,Normal,10.140000000000015,65910.0000000001,Sedang (50-150 NTU)
2026-08-06 09:00:00,Shift 1 (Pagi),8624.48,8341.94,0,75.2,7.32,237.39,207.21,282.53999999999905,3.276023597944445,Normal,30.17999999999998,196169.99999999985,Sedang (50-150 NTU)
2026-08-06 10:00:00,Shift 1 (Pagi),8467.4,8145.69,0,58.8,7.2,171.99,181.24,321.71000000000004,3.79939532796372,Normal,0.0,0.0,Sedang (50-150 NTU)
2026-08-06 11:00:00,Shift 1 (Pagi),8710.28,8405.4,0,70.8,6.87,221.45,203.24,304.880000000001,3.5002319098812094,Normal,18.20999999999998,118364.99999999987,Sedang (50-150 NTU)
2026-08-06 12:00:00,Shift 1 (Pagi),8540.65,8282.96,0,90.7,7.09,250.29,226.4,257.6900000000005,3.0172176590774766,Normal,23.889999999999986,155284.9999999999,Sedang (50-150 NTU)
2026-08-06 13:00:00,Shift 1 (Pagi),8771.04,8077.4,1,47.0,7.24,186.72,171.23,693.6400000000012,7.908298217771224,Normal (Proses Backwash),15.490000000000009,100685.00000000006,Rendah (<50 NTU)
2026-08-06 14:00:00,Shift 1 (Pagi),8562.09,8329.03,0,140.7,7.37,311.31,295.56,233.0599999999995,2.7219989511906495,Normal,15.75,102375.0,Sedang (50-150 NTU)
2026-08-06 15:00:00,Shift 1 (Pagi),8932.49,8705.64,0,90.3,7.08,236.05,236.29,226.85000000000036,2.5396054179741636,Normal,0.0,0.0,Sedang (50-150 NTU)
2026-08-06 16:00:00,Shift 2 (Sore),8582.51,8345.14,0,94.7,7.64,236.94,233.01,237.3700000000008,2.765741024478862,Normal,3.930000000000007,25545.000000000044,Sedang (50-150 NTU)
2026-08-06 17:00:00,Shift 2 (Sore),8651.69,8397.11,0,102.2,6.82,266.92,245.29,254.57999999999993,2.942546485137585,Normal,21.630000000000024,140595.00000000015,Sedang (50-150 NTU)
2026-08-06 18:00:00,Shift 2 (Sore),8822.03,8542.92,0,134.6,7.09,293.15,295.84,279.1100000000006,3.1637842990785634,Normal,0.0,0.0,Sedang (50-150 NTU)
2026-08-06 19:00:00,Shift 2 (Sore),8515.37,8234.39,0,85.0,7.18,266.32,218.01,280.9800000000014,3.2996804601561807,Normal,48.31,314015.0,Sedang (50-150 NTU)
2026-08-06 20:00:00,Shift 2 (Sore),8734.12,8412.37,0,105.0,7.16,218.52,251.55,321.75,3.683828479572069,Normal,0.0,0.0,Sedang (50-150 NTU)
2026-08-06 21:00:00,Shift 2 (Sore),8896.07,8614.71,0,59.2,6.95,201.28,190.95,281.3600000000006,3.162744897465966,Normal,10.330000000000013,67145.00000000009,Sedang (50-150 NTU)
2026-08-06 22:00:00,Shift 2 (Sore),8458.88,8192.28,0,161.4,7.29,348.41,319.98,266.59999999999854,3.1517174850571066,Normal,28.430000000000007,184795.00000000006,Tinggi (150-300 NTU)
2026-08-06 23:00:00,Shift 2 (Sore),8727.7,8503.8,0,82.6,7.27,246.66,220.12,223.90000000000146,2.565395235858261,Normal,26.539999999999992,172509.99999999994,Sedang (50-150 NTU)
2026-08-07 00:00:00,Shift 3 (Malam),8738.98,8516.54,0,59.0,7.21,188.68,187.42,222.4399999999987,2.545377149278276,Normal,1.2600000000000193,8190.0000000001255,Sedang (50-150 NTU)
2026-08-07 01:00:00,Shift 3 (Malam),8817.27,8153.67,1,65.0,7.27,231.31,197.57,663.6000000000004,7.526139043037134,Normal (Proses Backwash),33.74000000000001,219310.00000000006,Sedang (50-150 NTU)
2026-08-07 02:00:00,Shift 3 (Malam),8514.46,8253.09,0,37.4,7.12,148.25,153.07,261.369999999999,3.06971904266388,Normal,0.0,0.0,Rendah (<50 NTU)
2026-08-07 03:00:00,Shift 3 (Malam),8501.93,8196.63,0,64.9,6.88,196.89,190.28,305.3000000000011,3.5909493491477944,Normal,6.609999999999985,42964.999999999905,Sedang (50-150 NTU)
2026-08-07 04:00:00,Shift 3 (Malam),8778.29,8540.5,0,31.9,7.06,169.58,150.11,237.79000000000087,2.7088419270723665,Normal,19.47,126554.99999999999,Rendah (<50 NTU)
2026-08-07 05:00:00,Shift 3 (Malam),8744.55,8523.1,0,108.3,7.23,298.37,256.51,221.4499999999989,2.532434487766654,Normal,41.860000000000014,272090.0000000001,Sedang (50-150 NTU)
2026-08-07 06:00:00,Shift 3 (Malam),8737.57,8468.13,0,93.5,7.23,227.91,235.52,269.4400000000005,3.0836948945759577,Normal,0.0,0.0,Sedang (50-150 NTU)
2026-08-07 07:00:00,Shift 3 (Malam),8751.97,8506.15,0,52.6,7.21,230.74,178.65,245.8199999999997,2.8087390610342555,Normal,52.09,338585.0,Sedang (50-150 NTU)
2026-08-07 08:00:00,Shift 1 (Pagi),8598.0,8377.5,0,76.8,7.31,210.53,208.81,220.5,2.564549895324494,Normal,1.7199999999999989,11179.999999999993,Sedang (50-150 NTU)
2026-08-07 09:00:00,Shift 1 (Pagi),8734.84,8434.19,0,78.2,7.08,208.78,214.13,300.64999999999964,3.4419634475273684,Normal,0.0,0.0,Sedang (50-150 NTU)
2026-08-07 10:00:00,Shift 1 (Pagi),8743.96,8512.68,0,48.7,7.21,193.93,173.12,231.27999999999884,2.6450258235398936,Normal,20.810000000000002,135265.00000000003,Rendah (<50 NTU)
2026-08-07 11:00:00,Shift 1 (Pagi),8592.85,8310.07,0,71.4,7.31,211.83,201.33,282.78000000000065,3.2908755535125205,Normal,10.5,68250.0,Sedang (50-150 NTU)
2026-08-07 12:00:00,Shift 1 (Pagi),8979.87,8722.56,0,79.2,7.18,230.51,221.57,257.3100000000013,2.865408964717766,Normal,8.939999999999998,58109.999999999985,Sedang (50-150 NTU)
2026-08-07 13:00:00,Shift 1 (Pagi),8771.07,8152.02,1,70.7,6.95,230.51,204.42,619.0499999999993,7.057861811614767,Normal (Proses Backwash),26.090000000000003,169585.00000000003,Sedang (50-150 NTU)
2026-08-07 14:00:00,Shift 1 (Pagi),8521.3,8266.2,0,59.0,7.01,175.01,182.72,255.09999999999854,2.9936746740520643,Normal,0.0,0.0,Sedang (50-150 NTU)
2026-08-07 15:00:00,Shift 1 (Pagi),8798.48,8486.85,0,51.9,7.37,168.55,178.58,311.6299999999992,3.5418617761249584,Normal,0.0,0.0,Sedang (50-150 NTU)
2026-08-07 16:00:00,Shift 2 (Sore),8553.8,8296.35,0,69.7,7.48,204.37,198.0,257.4499999999989,3.009773434029308,Normal,6.3700000000000045,41405.00000000003,Sedang (50-150 NTU)
2026-08-07 17:00:00,Shift 2 (Sore),8818.06,8511.55,0,61.8,7.44,225.04,192.97,306.5100000000002,3.4759346160039764,Normal,32.06999999999999,208454.99999999994,Sedang (50-150 NTU)
2026-08-07 18:00:00,Shift 2 (Sore),8873.79,8637.47,0,99.3,7.25,256.31,247.48,236.32000000000153,2.663123648407293,Normal,8.830000000000013,57395.00000000008,Sedang (50-150 NTU)
2026-08-07 19:00:00,Shift 2 (Sore),8576.9,8276.31,0,138.3,6.96,353.63,292.76,300.59000000000015,3.5046462008417976,Normal,60.870000000000005,395655.00000000006,Sedang (50-150 NTU)
2026-08-07 20:00:00,Shift 2 (Sore),8844.51,8596.15,0,114.6,7.2,315.53,268.29,248.36000000000058,2.8080696386798203,Normal,47.23999999999995,307059.9999999997,Sedang (50-150 NTU)
2026-08-07 21:00:00,Shift 2 (Sore),8761.92,8465.71,0,80.3,7.51,240.07,217.72,296.21000000000095,3.380651729301351,Normal,22.349999999999994,145274.99999999997,Sedang (50-150 NTU)
2026-08-07 22:00:00,Shift 2 (Sore),8823.31,8537.83,0,59.9,7.32,210.81,190.4,285.47999999999956,3.235520456608683,Normal,20.409999999999997,132664.99999999997,Sedang (50-150 NTU)
2026-08-07 23:00:00,Shift 2 (Sore),8984.52,8651.38,0,113.2,7.16,298.35,270.6,333.14000000000124,3.7079332006607055,Normal,27.75,180375.0,Sedang (50-150 NTU)
2026-08-08 00:00:00,Shift 3 (Malam),8663.19,8402.99,0,101.9,7.33,267.93,245.18,260.2000000000007,3.003512562924289,Normal,22.75,147875.0,Sedang (50-150 NTU)
2026-08-08 01:00:00,Shift 3 (Malam),8586.94,7984.88,1,134.0,6.95,301.66,287.1,602.0600000000004,7.011345135752671,Normal (Proses Backwash),14.560000000000002,94640.00000000001,Sedang (50-150 NTU)
2026-08-08 02:00:00,Shift 3 (Malam),8566.57,8350.28,0,85.1,7.06,232.53,219.37,216.28999999999905,2.524814482342397,Normal,13.159999999999997,85539.99999999997,Sedang (50-150 NTU)
2026-08-08 03:00:00,Shift 3 (Malam),8577.63,8270.99,0,157.5,6.98,317.29,319.08,306.6399999999994,3.574880240812432,Normal,0.0,0.0,Tinggi (150-300 NTU)
2026-08-08 04:00:00,Shift 3 (Malam),8688.43,8411.96,0,85.1,7.29,200.97,222.51,276.47000000000116,3.1820478498416995,Normal,0.0,0.0,Sedang (50-150 NTU)
2026-08-08 05:00:00,Shift 3 (Malam),8751.17,8444.2,0,59.8,7.34,220.45,188.69,306.96999999999935,3.507759533868035,Normal,31.75999999999999,206439.99999999994,Sedang (50-150 NTU)
2026-08-08 06:00:00,Shift 3 (Malam),8741.5,8496.33,0,64.0,7.17,212.47,194.47,245.17000000000007,2.804667391180004,Normal,18.0,117000.0,Sedang (50-150 NTU)
2026-08-08 07:00:00,Shift 3 (Malam),8824.08,8563.89,0,97.3,7.03,262.84,243.26,260.1900000000005,2.9486360051132867,Normal,19.579999999999984,127269.9999999999,Sedang (50-150 NTU)
2026-08-08 08:00:00,Shift 1 (Pagi),8701.95,8481.0,0,61.7,7.2,211.63,190.34,220.95000000000073,2.5390860669160444,Normal,21.289999999999992,138384.99999999994,Sedang (50-150 NTU)
2026-08-08 09:00:00,Shift 1 (Pagi),8918.03,8583.61,0,157.0,7.1,335.57,331.02,334.4200000000001,3.749931318912361,Normal,4.550000000000011,29575.000000000073,Tinggi (150-300 NTU)
2026-08-08 10:00:00,Shift 1 (Pagi),8660.3,8368.6,0,93.9,7.04,234.0,234.02,291.6999999999989,3.3682435943327476,Normal,0.0,0.0,Sedang (50-150 NTU)
2026-08-08 11:00:00,Shift 1 (Pagi),9108.03,8769.83,0,79.6,7.27,238.18,225.27,338.2000000000007,3.7132069174124447,Normal,12.909999999999997,83914.99999999997,Sedang (50-150 NTU)
2026-08-08 12:00:00,Shift 1 (Pagi),8793.85,8543.65,0,82.4,7.05,263.34,221.39,250.20000000000073,2.8451702041767906,Normal,41.94999999999999,272674.99999999994,Sedang (50-150 NTU)
2026-08-08 13:00:00,Shift 1 (Pagi),8571.43,7909.01,1,70.4,6.89,196.66,199.35,662.4200000000001,7.72823204529466,Normal (Proses Backwash),0.0,0.0,Sedang (50-150 NTU)
2026-08-08 14:00:00,Shift 1 (Pagi),8539.37,8250.56,0,332.8,6.93,484.63,557.15,288.8100000000013,3.382099616248052,Normal,0.0,0.0,Ekstrem (>300 NTU)
2026-08-08 15:00:00,Shift 1 (Pagi),8772.37,8516.85,0,374.1,6.88,654.55,630.42,255.52000000000044,2.9127818366074436,Normal,24.129999999999995,156844.99999999997,Ekstrem (>300 NTU)
2026-08-08 16:00:00,Shift 2 (Sore),8666.48,8354.27,0,384.7,7.25,746.77,637.49,312.2099999999991,3.602500669245174,Normal,109.27999999999997,710319.9999999998,Ekstrem (>300 NTU)
2026-08-08 17:00:00,Shift 2 (Sore),8807.1,8478.48,0,392.9,7.23,620.64,659.28,328.6200000000008,3.7313076949279647,Normal,0.0,0.0,Ekstrem (>300 NTU)
2026-08-08 18:00:00,Shift 2 (Sore),8770.99,8450.82,0,345.4,7.22,581.42,589.93,320.1700000000001,3.650329096259374,Normal,0.0,0.0,Ekstrem (>300 NTU)
2026-08-08 19:00:00,Shift 2 (Sore),8689.08,8388.37,0,368.6,7.32,679.04,616.7,300.7099999999991,3.460780658021322,Normal,62.33999999999992,405209.9999999995,Ekstrem (>300 NTU)
2026-08-08 20:00:00,Shift 2 (Sore),8572.98,8327.73,0,288.7,7.44,641.41,498.92,245.25,2.860732207470448,Normal,142.48999999999995,926184.9999999997,Tinggi (150-300 NTU)
2026-08-08 21:00:00,Shift 2 (Sore),8472.77,8229.93,0,372.3,7.08,588.96,606.34,242.84000000000015,2.866122885431803,Normal,0.0,0.0,Ekstrem (>300 NTU)
2026-08-08 22:00:00,Shift 2 (Sore),8633.02,8309.08,0,358.7,7.28,580.03,599.06,323.9400000000005,3.752336957403093,Normal,0.0,0.0,Ekstrem (>300 NTU)
2026-08-08 23:00:00,Shift 2 (Sore),8828.46,8606.57,0,142.6,6.88,340.21,307.3,221.88999999999942,2.5133488739825456,Normal,32.90999999999997,213914.9999999998,Sedang (50-150 NTU)
2026-08-09 00:00:00,Shift 3 (Malam),8732.11,8432.53,0,137.3,7.48,348.92,296.61,299.5799999999999,3.4307859154316644,Normal,52.31,340015.0,Sedang (50-150 NTU)
2026-08-09 01:00:00,Shift 3 (Malam),8513.14,7842.15,1,96.2,6.95,240.13,233.12,670.9899999999998,7.881815640292535,Normal (Proses Backwash),7.009999999999991,45564.99999999994,Sedang (50-150 NTU)
2026-08-09 02:00:00,Shift 3 (Malam),8725.98,8437.19,0,87.3,7.06,215.34,226.61,288.78999999999905,3.3095423092878855,Normal,0.0,0.0,Sedang (50-150 NTU)
2026-08-09 03:00:00,Shift 3 (Malam),8757.8,8426.13,0,77.5,7.08,238.21,213.69,331.6700000000001,3.7871383224097386,Normal,24.52000000000001,159380.00000000006,Sedang (50-150 NTU)
2026-08-09 04:00:00,Shift 3 (Malam),8567.42,8318.5,0,126.5,6.89,311.95,276.26,248.92000000000007,2.9054254372961763,Normal,35.69,231984.99999999997,Sedang (50-150 NTU)
2026-08-09 05:00:00,Shift 3 (Malam),8723.06,8466.43,0,107.7,7.21,311.7,255.01,256.6299999999992,2.9419721978296516,Normal,56.69,368485.0,Sedang (50-150 NTU)
2026-08-09 06:00:00,Shift 3 (Malam),8708.73,8482.08,0,28.9,7.24,163.98,144.79,226.64999999999964,2.6025608785666754,Normal,19.189999999999998,124734.99999999999,Rendah (<50 NTU)
2026-08-09 07:00:00,Shift 3 (Malam),8528.55,8266.25,0,67.4,7.16,222.65,194.25,262.2999999999993,3.0755521161275867,Normal,28.400000000000006,184600.00000000003,Sedang (50-150 NTU)
2026-08-09 08:00:00,Shift 1 (Pagi),8753.67,8505.12,0,49.5,6.89,184.65,174.35,248.54999999999927,2.8393805112598405,Normal,10.300000000000011,66950.00000000007,Rendah (<50 NTU)
2026-08-09 09:00:00,Shift 1 (Pagi),8784.12,8525.3,0,46.2,7.6,217.31,170.4,258.8200000000015,2.9464533726770754,Normal,46.91,304915.0,Rendah (<50 NTU)
2026-08-09 10:00:00,Shift 1 (Pagi),8862.46,8544.74,0,125.9,7.31,298.65,284.93,317.71999999999935,3.5850091283909813,Normal,13.71999999999997,89179.99999999981,Sedang (50-150 NTU)
2026-08-09 11:00:00,Shift 1 (Pagi),8858.07,8528.89,0,76.8,7.73,221.85,215.17,329.1800000000003,3.716159389122013,Normal,6.680000000000007,43420.000000000044,Sedang (50-150 NTU)
2026-08-09 12:00:00,Shift 1 (Pagi),8493.35,8260.51,0,95.5,7.04,283.74,231.67,232.84000000000015,2.741438890426041,Normal,52.07000000000002,338455.0000000001,Sedang (50-150 NTU)
2026-08-09 13:00:00,Shift 1 (Pagi),8559.33,7923.89,1,80.9,7.39,205.38,213.48,635.4399999999996,7.423945565832835,Normal (Proses Backwash),0.0,0.0,Sedang (50-150 NTU)
2026-08-09 14:00:00,Shift 1 (Pagi),8777.26,8451.86,0,46.4,7.36,158.99,170.56,325.39999999999964,3.707307291797208,Normal,0.0,0.0,Rendah (<50 NTU)
2026-08-09 15:00:00,Shift 1 (Pagi),8777.07,8550.59,0,41.9,7.14,178.93,164.22,226.47999999999956,2.580359960670241,Normal,14.710000000000008,95615.00000000006,Rendah (<50 NTU)
2026-08-09 16:00:00,Shift 2 (Sore),8777.26,8547.29,0,65.5,7.48,213.13,197.37,229.96999999999935,2.620065943130309,Normal,15.759999999999991,102439.99999999994,Sedang (50-150 NTU)
2026-08-09 17:00:00,Shift 2 (Sore),9277.91,9026.33,0,67.7,7.12,224.98,211.89,251.57999999999993,2.711602074174032,Normal,13.090000000000003,85085.00000000003,Sedang (50-150 NTU)
2026-08-09 18:00:00,Shift 2 (Sore),8785.63,8498.01,0,67.7,7.13,232.62,200.62,287.619999999999,3.2737549839908917,Normal,32.0,208000.0,Sedang (50-150 NTU)
2026-08-09 19:00:00,Shift 2 (Sore),8870.33,8631.22,0,68.5,6.51,205.16,203.67,239.11000000000058,2.6956156084384753,Normal,1.490000000000009,9685.000000000058,Sedang (50-150 NTU)
2026-08-09 20:00:00,Shift 2 (Sore),8843.1,8510.73,0,179.0,7.28,389.94,359.35,332.3700000000008,3.7585235946670377,Normal,30.589999999999975,198834.99999999983,Tinggi (150-300 NTU)
2026-08-09 21:00:00,Shift 2 (Sore),8797.71,8526.68,0,119.6,6.93,287.88,273.86,271.02999999999884,3.080688042683822,Normal,14.019999999999982,91129.99999999988,Sedang (50-150 NTU)
2026-08-09 22:00:00,Shift 2 (Sore),8652.71,8379.98,0,86.5,7.09,225.56,223.61,272.72999999999956,3.1519604840564353,Normal,1.9499999999999886,12674.999999999925,Sedang (50-150 NTU)
2026-08-09 23:00:00,Shift 2 (Sore),8813.85,8565.24,0,76.0,6.99,228.97,212.98,248.61000000000058,2.820674279684821,Normal,15.990000000000009,103935.00000000006,Sedang (50-150 NTU)
2026-08-10 00:00:00,Shift 3 (Malam),8584.08,8316.92,0,77.1,7.13,239.91,208.94,267.15999999999985,3.1122729517898233,Normal,30.97,201305.0,Sedang (50-150 NTU)
2026-08-10 01:00:00,Shift 3 (Malam),8664.48,7993.31,1,106.0,7.29,313.6,250.95,671.1699999999992,7.746223662585628,Normal (Proses Backwash),62.650000000000034,407225.00000000023,Sedang (50-150 NTU)
2026-08-10 02:00:00,Shift 3 (Malam),8627.2,8327.27,0,75.7,7.2,234.37,208.07,299.9300000000003,3.476562500000003,Normal,26.30000000000001,170950.0000000001,Sedang (50-150 NTU)
2026-08-10 03:00:00,Shift 3 (Malam),8712.28,8409.09,0,114.2,7.34,231.87,263.75,303.1900000000005,3.4800304857052398,Normal,0.0,0.0,Sedang (50-150 NTU)
2026-08-10 04:00:00,Shift 3 (Malam),9047.2,8753.05,0,90.5,7.45,257.96,239.52,294.15000000000146,3.251282164647642,Normal,18.43999999999997,119859.9999999998,Sedang (50-150 NTU)
2026-08-10 05:00:00,Shift 3 (Malam),8419.91,8110.42,0,179.7,7.13,372.01,343.19,309.4899999999998,3.6756924955254844,Normal,28.819999999999993,187329.99999999994,Tinggi (150-300 NTU)
2026-08-10 06:00:00,Shift 3 (Malam),8802.94,8489.32,0,73.9,7.1,242.21,209.73,313.6200000000008,3.562673379575469,Normal,32.48000000000002,211120.00000000012,Sedang (50-150 NTU)
2026-08-10 07:00:00,Shift 3 (Malam),8458.09,8163.4,0,123.3,7.39,293.84,268.4,294.6900000000005,3.484119937243521,Normal,25.439999999999998,165359.99999999997,Sedang (50-150 NTU)
2026-08-10 08:00:00,Shift 1 (Pagi),8629.21,8407.24,0,51.1,7.41,205.43,174.06,221.96999999999935,2.5723096320520575,Normal,31.370000000000005,203905.00000000003,Sedang (50-150 NTU)
2026-08-10 09:00:00,Shift 1 (Pagi),8863.34,8640.97,0,60.4,7.35,213.46,192.08,222.3700000000008,2.508873630031126,Normal,21.379999999999995,138969.99999999997,Sedang (50-150 NTU)
2026-08-10 10:00:00,Shift 1 (Pagi),8709.64,8467.85,0,168.4,7.01,408.7,339.26,241.78999999999905,2.7761193344386115,Normal,69.44,451360.0,Tinggi (150-300 NTU)
2026-08-10 11:00:00,Shift 1 (Pagi),8538.34,8251.23,0,112.1,7.28,267.07,255.6,287.1100000000006,3.362597413548776,Normal,11.469999999999999,74554.99999999999,Sedang (50-150 NTU)
2026-08-10 12:00:00,Shift 1 (Pagi),8592.7,8331.95,0,96.2,7.22,256.94,235.39,260.75,3.0345525853340622,Normal,21.55000000000001,140075.0000000001,Sedang (50-150 NTU)
2026-08-10 13:00:00,Shift 1 (Pagi),8801.94,8155.85,1,201.6,7.41,446.52,389.59,646.0900000000001,7.340313612680842,Normal (Proses Backwash),56.93000000000001,370045.00000000006,Tinggi (150-300 NTU)
2026-08-10 14:00:00,Shift 1 (Pagi),8590.45,8276.9,0,76.5,7.09,215.32,208.2,313.5500000000011,3.649983411811966,Normal,7.1200000000000045,46280.00000000003,Sedang (50-150 NTU)
2026-08-10 15:00:00,Shift 1 (Pagi),8732.47,8412.49,0,123.2,6.87,281.58,276.92,319.97999999999956,3.6642553595947036,Normal,4.659999999999968,30289.999999999793,Sedang (50-150 NTU)
2026-08-10 16:00:00,Shift 2 (Sore),8706.84,8386.26,0,127.3,7.34,290.11,281.76,320.5799999999999,3.681932825227062,Normal,8.350000000000023,54275.000000000146,Sedang (50-150 NTU)
2026-08-10 17:00:00,Shift 2 (Sore),8602.26,8352.1,0,151.4,6.69,317.92,311.67,250.15999999999985,2.90807299477114,Normal,6.25,40625.0,Tinggi (150-300 NTU)
2026-08-10 18:00:00,Shift 2 (Sore),9021.59,8715.0,0,49.0,7.05,200.74,178.95,306.59000000000015,3.3984031639655554,Normal,21.79000000000002,141635.00000000015,Rendah (<50 NTU)
2026-08-10 19:00:00,Shift 2 (Sore),8795.09,8544.15,0,76.3,7.0,198.65,212.86,250.9400000000005,2.853182855434117,Normal,0.0,0.0,Sedang (50-150 NTU)
2026-08-10 20:00:00,Shift 2 (Sore),8396.23,8165.52,0,89.8,6.99,211.55,221.4,230.70999999999913,2.7477808492620994,Normal,0.0,0.0,Sedang (50-150 NTU)
2026-08-10 21:00:00,Shift 2 (Sore),8727.97,8488.82,0,150.3,7.05,386.69,314.63,239.14999999999964,2.740041498767751,Normal,72.06,468390.0,Tinggi (150-300 NTU)
2026-08-10 22:00:00,Shift 2 (Sore),8600.73,8347.46,0,94.6,7.44,238.46,233.33,253.27000000000044,2.9447500386595142,Normal,5.1299999999999955,33344.99999999997,Sedang (50-150 NTU)
2026-08-10 23:00:00,Shift 2 (Sore),8827.87,8557.83,0,127.4,7.36,313.29,285.85,270.0400000000009,3.0589485345842298,Normal,27.439999999999998,178359.99999999997,Sedang (50-150 NTU)
2026-08-11 00:00:00,Shift 3 (Malam),8581.12,8273.9,0,47.4,7.15,213.23,168.12,307.22000000000116,3.580185337112185,Normal,45.109999999999985,293214.9999999999,Rendah (<50 NTU)
2026-08-11 01:00:00,Shift 3 (Malam),8682.79,8072.19,1,69.2,7.43,287.57,200.32,610.6000000000013,7.03230182925075,Normal (Proses Backwash),87.25,567125.0,Sedang (50-150 NTU)
2026-08-11 02:00:00,Shift 3 (Malam),8775.75,8472.51,0,137.1,6.99,401.88,297.76,303.2399999999998,3.4554311597299354,Normal,104.12,676780.0,Sedang (50-150 NTU)
2026-08-11 03:00:00,Shift 3 (Malam),8829.86,8548.11,0,72.9,6.96,263.35,208.92,281.75,3.190877318553182,Normal,54.430000000000035,353795.00000000023,Sedang (50-150 NTU)
2026-08-11 04:00:00,Shift 3 (Malam),8519.96,8275.06,0,78.8,7.37,328.58,209.72,244.89999999999964,2.8744266405006558,Normal,118.85999999999999,772589.9999999999,Sedang (50-150 NTU)
2026-08-11 05:00:00,Shift 3 (Malam),8649.82,8378.16,0,149.2,7.32,481.09,310.28,271.65999999999985,3.1406433891109855,Normal,170.81,1110265.0,Sedang (50-150 NTU)
2026-08-11 06:00:00,Shift 3 (Malam),8628.76,8379.39,0,55.2,7.11,254.18,179.72,249.3700000000008,2.8899865102285935,Normal,74.46000000000001,483990.00000000006,Sedang (50-150 NTU)
2026-08-11 07:00:00,Shift 3 (Malam),8602.0,8320.29,0,60.1,6.97,284.63,185.9,281.7099999999991,3.274936061381064,Normal,98.72999999999999,641744.9999999999,Sedang (50-150 NTU)
2026-08-11 08:00:00,Shift 1 (Pagi),8964.82,8690.14,0,45.7,7.49,281.7,173.19,274.6800000000003,3.063976744652991,Normal,108.50999999999999,705314.9999999999,Rendah (<50 NTU)
2026-08-11 09:00:00,Shift 1 (Pagi),8760.75,8523.0,0,151.9,6.86,478.83,318.11,237.75,2.71380874925092,Normal,160.71999999999997,1044679.9999999998,Tinggi (150-300 NTU)
2026-08-11 10:00:00,Shift 1 (Pagi),8510.87,8285.2,0,118.6,7.08,389.15,263.6,225.67000000000007,2.6515503115427688,Normal,125.54999999999995,816074.9999999997,Sedang (50-150 NTU)
2026-08-11 11:00:00,Shift 1 (Pagi),8837.68,8553.93,0,117.3,7.25,393.26,271.85,283.75,3.210684251975632,Normal,121.40999999999997,789164.9999999998,Sedang (50-150 NTU)
2026-08-11 12:00:00,Shift 1 (Pagi),9018.32,8687.07,0,68.4,7.56,309.2,206.93,331.25,3.673078799599039,Normal,102.26999999999998,664754.9999999999,Sedang (50-150 NTU)
2026-08-11 13:00:00,Shift 1 (Pagi),8854.87,8213.9,1,44.6,7.28,235.06,169.45,640.9700000000012,7.238615586677175,Normal (Proses Backwash),65.61000000000001,426465.0000000001,Rendah (<50 NTU)
2026-08-11 14:00:00,Shift 1 (Pagi),8472.09,8179.56,0,40.6,7.3,218.86,156.73,292.52999999999975,3.4528670021210797,Normal,62.130000000000024,403845.0000000002,Rendah (<50 NTU)
2026-08-11 15:00:00,Shift 1 (Pagi),8627.36,8337.81,0,137.5,7.09,432.18,293.36,289.5500000000011,3.356183119749275,Normal,138.82,902330.0,Sedang (50-150 NTU)
2026-08-11 16:00:00,Shift 2 (Sore),8890.04,8560.13,0,99.0,7.31,340.35,247.43,329.9100000000017,3.711006924603282,Normal,92.92000000000002,603980.0000000001,Sedang (50-150 NTU)
2026-08-11 17:00:00,Shift 2 (Sore),8593.85,8287.28,0,107.2,7.22,347.39,250.47,306.5699999999997,3.567318489384847,Normal,96.91999999999999,629979.9999999999,Sedang (50-150 NTU)
2026-08-11 18:00:00,Shift 2 (Sore),8766.57,8482.84,0,88.1,6.88,326.05,228.71,283.72999999999956,3.236499565964791,Normal,97.34,632710.0,Sedang (50-150 NTU)
2026-08-11 19:00:00,Shift 2 (Sore),8816.2,8520.49,0,57.3,7.36,288.73,186.63,295.71000000000095,3.35416619405187,Normal,102.10000000000002,663650.0000000001,Sedang (50-150 NTU)
2026-08-11 20:00:00,Shift 2 (Sore),8560.96,8246.95,0,69.7,7.39,258.82,198.18,314.0099999999984,3.6679297648861624,Normal,60.639999999999986,394159.9999999999,Sedang (50-150 NTU)
2026-08-11 21:00:00,Shift 2 (Sore),8691.07,8428.66,0,52.1,7.36,266.18,176.77,262.40999999999985,3.0193060233089812,Normal,89.41,581165.0,Sedang (50-150 NTU)
2026-08-11 22:00:00,Shift 2 (Sore),8213.81,7973.57,0,49.8,7.21,247.53,164.01,240.23999999999978,2.924830255386962,Normal,83.52000000000001,542880.0000000001,Rendah (<50 NTU)
2026-08-11 23:00:00,Shift 2 (Sore),8546.34,8331.48,0,114.3,7.01,390.5,258.85,214.86000000000058,2.514058649667584,Normal,131.64999999999998,855724.9999999999,Sedang (50-150 NTU)
2026-08-12 00:00:00,Shift 3 (Malam),8662.11,8352.49,0,41.7,6.74,216.85,161.78,309.6200000000008,3.5744177804253328,Normal,55.06999999999999,357954.99999999994,Rendah (<50 NTU)
2026-08-12 01:00:00,Shift 3 (Malam),8512.83,7831.37,1,52.3,7.23,216.11,173.32,681.46,8.005093488299426,Normal (Proses Backwash),42.79000000000002,278135.0000000001,Sedang (50-150 NTU)
2026-08-12 02:00:00,Shift 3 (Malam),8944.86,8709.09,0,71.3,7.42,310.93,209.42,235.77000000000044,2.6358154291962133,Normal,101.51000000000002,659815.0000000001,Sedang (50-150 NTU)
2026-08-12 03:00:00,Shift 3 (Malam),8485.48,8209.71,0,81.8,7.4,307.8,212.95,275.77000000000044,3.2499045428190327,Normal,94.85000000000002,616525.0000000001,Sedang (50-150 NTU)
2026-08-12 04:00:00,Shift 3 (Malam),8633.99,8366.07,0,45.6,7.36,255.07,166.53,267.9200000000001,3.1030844372069004,Normal,88.53999999999999,575510.0,Rendah (<50 NTU)
2026-08-12 05:00:00,Shift 3 (Malam),8719.61,8488.16,0,41.4,7.19,219.48,162.38,231.45000000000073,2.654361834990335,Normal,57.099999999999994,371149.99999999994,Rendah (<50 NTU)
2026-08-12 06:00:00,Shift 3 (Malam),8916.19,8579.63,0,94.1,7.42,363.17,241.17,336.5600000000013,3.774706460943534,Normal,122.00000000000003,793000.0000000002,Sedang (50-150 NTU)
2026-08-12 07:00:00,Shift 3 (Malam),8484.62,8248.82,0,86.0,7.38,335.89,218.54,235.8000000000011,2.7791462670102027,Normal,117.35,762775.0,Sedang (50-150 NTU)
2026-08-12 08:00:00,Shift 1 (Pagi),8874.47,8644.86,0,136.4,7.12,424.99,300.23,229.60999999999876,2.58730943932425,Normal,124.75999999999999,810939.9999999999,Sedang (50-150 NTU)
2026-08-12 09:00:00,Shift 1 (Pagi),8701.53,8416.71,0,82.4,7.34,322.11,219.18,284.8200000000015,3.2732174686520823,Normal,102.93,669045.0,Sedang (50-150 NTU)
2026-08-12 10:00:00,Shift 1 (Pagi),8552.77,8256.8,0,98.1,7.09,347.28,236.9,295.97000000000116,3.460516300566964,Normal,110.37999999999997,717469.9999999998,Sedang (50-150 NTU)
2026-08-12 11:00:00,Shift 1 (Pagi),8769.32,8546.38,0,58.5,7.31,250.85,187.36,222.9400000000005,2.5422723768775746,Normal,63.48999999999998,412684.9999999999,Sedang (50-150 NTU)
2026-08-12 12:00:00,Shift 1 (Pagi),8729.86,8436.86,0,59.5,6.94,278.32,187.84,293.0,3.356296664551321,Normal,90.47999999999999,588119.9999999999,Sedang (50-150 NTU)
2026-08-12 13:00:00,Shift 1 (Pagi),8609.97,7955.14,1,47.2,6.96,268.72,168.27,654.829999999999,7.605485268822064,Normal (Proses Backwash),100.45000000000002,652925.0000000001,Rendah (<50 NTU)
2026-08-12 14:00:00,Shift 1 (Pagi),8710.47,8481.02,0,58.8,7.41,266.18,186.41,229.4499999999989,2.6341862149803505,Normal,79.77000000000001,518505.00000000006,Sedang (50-150 NTU)
2026-08-12 15:00:00,Shift 1 (Pagi),8642.2,8406.77,0,69.3,7.39,253.61,199.49,235.4300000000003,2.7241905996158415,Normal,54.120000000000005,351780.00000000006,Sedang (50-150 NTU)
2026-08-12 16:00:00,Shift 2 (Sore),8717.03,8434.74,0,130.3,7.33,387.51,286.4,282.2900000000009,3.238373620373004,Normal,101.11000000000001,657215.0000000001,Sedang (50-150 NTU)
2026-08-12 17:00:00,Shift 2 (Sore),8799.32,8545.44,0,55.4,7.22,227.29,183.64,253.8799999999992,2.8852229490460535,Normal,43.650000000000006,283725.00000000006,Sedang (50-150 NTU)
2026-08-12 18:00:00,Shift 2 (Sore),8937.9,8605.43,0,183.5,6.72,577.48,369.74,332.46999999999935,3.719777576388182,Normal,207.74,1350310.0,Tinggi (150-300 NTU)
2026-08-12 19:00:00,Shift 2 (Sore),8514.33,8210.85,0,101.8,7.19,362.85,240.89,303.47999999999956,3.5643438767348643,Normal,121.96000000000004,792740.0000000002,Sedang (50-150 NTU)
2026-08-12 20:00:00,Shift 2 (Sore),9019.96,8679.12,0,93.0,7.29,332.85,242.49,340.8399999999983,3.77873072607859,Normal,90.36000000000001,587340.0000000001,Sedang (50-150 NTU)
2026-08-12 21:00:00,Shift 2 (Sore),8407.19,8168.63,0,79.8,7.09,265.63,208.2,238.5600000000004,2.8375711741973286,Normal,57.43000000000001,373295.00000000006,Sedang (50-150 NTU)
2026-08-12 22:00:00,Shift 2 (Sore),8677.23,8350.91,0,73.7,7.06,276.1,206.41,326.3199999999997,3.7606471189538566,Normal,69.69000000000003,452985.0000000002,Sedang (50-150 NTU)
2026-08-12 23:00:00,Shift 2 (Sore),8788.25,8519.27,0,62.1,7.49,261.87,192.81,268.97999999999956,3.0606776093078776,Normal,69.06,448890.0,Sedang (50-150 NTU)
2026-08-13 00:00:00,Shift 3 (Malam),8742.15,8484.1,0,44.9,7.19,241.1,167.76,258.0499999999993,2.951791035386024,Normal,73.34,476710.0,Rendah (<50 NTU)
2026-08-13 01:00:00,Shift 3 (Malam),8606.6,8005.8,1,56.2,7.29,258.92,180.61,600.8000000000002,6.980689238491392,Normal (Proses Backwash),78.31,509015.0,Sedang (50-150 NTU)
2026-08-13 02:00:00,Shift 3 (Malam),8668.78,8446.12,0,151.8,7.35,492.96,314.54,222.65999999999985,2.568527520596899,Normal,178.41999999999996,1159729.9999999998,Tinggi (150-300 NTU)
2026-08-13 03:00:00,Shift 3 (Malam),8626.05,8332.8,0,99.2,7.0,325.08,240.37,293.25,3.3995861373398024,Normal,84.70999999999998,550614.9999999999,Sedang (50-150 NTU)
2026-08-13 04:00:00,Shift 3 (Malam),8611.6,8345.04,0,151.2,7.24,394.6,311.61,266.5599999999995,3.095359747317566,Normal,82.99000000000001,539435.0000000001,Tinggi (150-300 NTU)
2026-08-13 05:00:00,Shift 3 (Malam),8827.44,8580.76,0,61.5,7.46,251.29,192.79,246.6800000000003,2.7944681583788764,Normal,58.5,380250.0,Sedang (50-150 NTU)
2026-08-13 06:00:00,Shift 3 (Malam),8753.55,8464.85,0,51.6,7.56,252.31,177.29,288.6999999999989,3.2980904890015927,Normal,75.02000000000001,487630.00000000006,Sedang (50-150 NTU)
2026-08-13 07:00:00,Shift 3 (Malam),8596.06,8352.91,0,79.5,7.21,286.5,212.43,243.14999999999964,2.8286214847267193,Normal,74.07,481454.99999999994,Sedang (50-150 NTU)
2026-08-13 08:00:00,Shift 1 (Pagi),8834.94,8547.72,0,56.9,7.15,260.12,186.5,287.22000000000116,3.2509558638768477,Normal,73.62,478530.00000000006,Sedang (50-150 NTU)
2026-08-13 09:00:00,Shift 1 (Pagi),8746.09,8486.6,0,86.3,7.25,311.04,225.77,259.4899999999998,2.9669257919824723,Normal,85.27000000000001,554255.0000000001,Sedang (50-150 NTU)
2026-08-13 10:00:00,Shift 1 (Pagi),8821.93,8506.93,0,41.9,7.25,252.59,165.07,315.0,3.5706472393229145,Normal,87.52000000000001,568880.0000000001,Rendah (<50 NTU)
2026-08-13 11:00:00,Shift 1 (Pagi),8794.44,8480.75,0,36.1,7.48,213.22,156.36,313.6900000000005,3.566912731225644,Normal,56.859999999999985,369589.9999999999,Rendah (<50 NTU)
2026-08-13 12:00:00,Shift 1 (Pagi),8575.65,8308.04,0,91.5,7.0,316.59,228.46,267.60999999999876,3.1205797811244484,Normal,88.12999999999997,572844.9999999998,Sedang (50-150 NTU)
2026-08-13 13:00:00,Shift 1 (Pagi),8615.97,7981.28,1,153.7,7.14,473.4,315.32,634.6899999999996,7.366436976916117,Normal (Proses Backwash),158.07999999999998,1027519.9999999999,Tinggi (150-300 NTU)
2026-08-13 14:00:00,Shift 1 (Pagi),8812.09,8550.26,0,93.2,6.98,323.98,237.18,261.8299999999999,2.9712588046649535,Normal,86.80000000000001,564200.0000000001,Sedang (50-150 NTU)
2026-08-13 15:00:00,Shift 1 (Pagi),8791.56,8479.68,0,98.7,7.0,359.3,244.37,311.8799999999992,3.5474932776435493,Normal,114.93,747045.0,Sedang (50-150 NTU)
2026-08-13 16:00:00,Shift 2 (Sore),8696.86,8442.34,0,80.9,7.28,316.76,216.87,254.52000000000044,2.926573498941002,Normal,99.88999999999999,649284.9999999999,Sedang (50-150 NTU)
2026-08-13 17:00:00,Shift 2 (Sore),8717.6,8475.97,0,84.1,7.36,319.6,221.86,241.63000000000102,2.7717491052583396,Normal,97.74000000000001,635310.0000000001,Sedang (50-150 NTU)
2026-08-13 18:00:00,Shift 2 (Sore),8891.65,8659.57,0,44.2,7.07,221.45,169.59,232.07999999999993,2.6100892410295047,Normal,51.859999999999985,337089.9999999999,Rendah (<50 NTU)
2026-08-13 19:00:00,Shift 2 (Sore),8611.26,8343.74,0,57.7,7.35,284.47,182.89,267.52000000000044,3.1066301563302052,Normal,101.58000000000004,660270.0000000002,Sedang (50-150 NTU)
2026-08-13 20:00:00,Shift 2 (Sore),8782.06,8507.47,0,129.7,7.42,477.61,287.7,274.59000000000015,3.126715144282778,Normal,189.91000000000003,1234415.0000000002,Sedang (50-150 NTU)
2026-08-13 21:00:00,Shift 2 (Sore),8669.67,8358.15,0,50.0,7.59,247.39,173.42,311.52000000000044,3.5932163507953643,Normal,73.97,480805.0,Rendah (<50 NTU)
2026-08-13 22:00:00,Shift 2 (Sore),8667.35,8425.74,0,68.7,7.21,261.99,199.21,241.61000000000058,2.78758790172314,Normal,62.78,408070.0,Sedang (50-150 NTU)
2026-08-13 23:00:00,Shift 2 (Sore),8864.82,8599.29,0,128.6,7.07,412.52,288.74,265.52999999999884,2.9953230860863376,Normal,123.77999999999997,804569.9999999998,Sedang (50-150 NTU)
2026-08-14 00:00:00,Shift 3 (Malam),8823.81,8510.49,0,83.1,7.0,258.73,223.2,313.3199999999997,3.5508470830627554,Normal,35.53000000000003,230945.0000000002,Sedang (50-150 NTU)
2026-08-14 01:00:00,Shift 3 (Malam),8822.03,8127.02,1,84.9,6.98,232.59,225.64,695.0100000000002,7.878118754980432,Normal (Proses Backwash),6.950000000000017,45175.00000000011,Sedang (50-150 NTU)
2026-08-14 02:00:00,Shift 3 (Malam),8895.82,8628.95,0,68.9,7.45,219.03,204.76,266.869999999999,2.999948290320611,Normal,14.27000000000001,92755.00000000007,Sedang (50-150 NTU)
2026-08-14 03:00:00,Shift 3 (Malam),8703.15,8433.63,0,105.0,6.9,277.48,250.6,269.52000000000044,3.096809775770847,Normal,26.880000000000024,174720.00000000015,Sedang (50-150 NTU)
2026-08-14 04:00:00,Shift 3 (Malam),8802.29,8547.53,0,116.1,7.44,316.54,269.11,254.76000000000022,2.8942468380387396,Normal,47.43000000000001,308295.00000000006,Sedang (50-150 NTU)
2026-08-14 05:00:00,Shift 3 (Malam),8653.46,8332.22,0,56.6,7.03,208.03,182.15,321.2399999999998,3.712272316506921,Normal,25.879999999999995,168219.99999999997,Sedang (50-150 NTU)
2026-08-14 06:00:00,Shift 3 (Malam),8748.62,8516.42,0,45.6,7.06,193.35,168.81,232.20000000000073,2.6541328803857147,Normal,24.539999999999992,159509.99999999994,Rendah (<50 NTU)
2026-08-14 07:00:00,Shift 3 (Malam),8680.48,8358.1,0,38.0,7.17,164.19,156.99,322.3799999999992,3.713849925349741,Normal,7.199999999999989,46799.99999999993,Rendah (<50 NTU)
2026-08-14 08:00:00,Shift 1 (Pagi),8714.55,8419.21,0,96.7,7.06,266.26,239.41,295.34000000000015,3.3890447584786383,Normal,26.849999999999994,174524.99999999997,Sedang (50-150 NTU)
2026-08-14 09:00:00,Shift 1 (Pagi),8789.27,8508.8,0,92.1,7.39,240.16,234.93,280.47000000000116,3.1910499961885477,Normal,5.22999999999999,33994.999999999935,Sedang (50-150 NTU)
2026-08-14 10:00:00,Shift 1 (Pagi),8577.27,8359.19,0,208.2,7.56,446.06,388.68,218.07999999999993,2.5425339297935117,Normal,57.379999999999995,372969.99999999994,Tinggi (150-300 NTU)
2026-08-14 11:00:00,Shift 1 (Pagi),9013.86,8732.78,0,81.1,7.07,263.79,225.06,281.0799999999999,3.1183089153814225,Normal,38.73000000000002,251745.00000000012,Sedang (50-150 NTU)
2026-08-14 12:00:00,Shift 1 (Pagi),8549.1,8290.05,0,75.2,7.11,230.93,205.41,259.0500000000011,3.030143523879719,Normal,25.52000000000001,165880.00000000006,Sedang (50-150 NTU)
2026-08-14 13:00:00,Shift 1 (Pagi),8517.87,7907.07,1,87.6,7.17,232.75,221.54,610.8000000000011,7.170806786203605,Normal (Proses Backwash),11.210000000000008,72865.00000000006,Sedang (50-150 NTU)
2026-08-14 14:00:00,Shift 1 (Pagi),8873.72,8576.15,0,89.5,7.31,248.5,233.62,297.5699999999997,3.3533850515905366,Normal,14.879999999999995,96719.99999999997,Sedang (50-150 NTU)
2026-08-14 15:00:00,Shift 1 (Pagi),8818.75,8486.94,0,72.8,7.17,255.4,208.58,331.8099999999995,3.7625513819985765,Normal,46.81999999999999,304329.99999999994,Sedang (50-150 NTU)
2026-08-14 16:00:00,Shift 2 (Sore),8793.62,8509.51,0,57.3,7.48,195.76,186.09,284.1100000000006,3.2308651044734766,Normal,9.669999999999987,62854.99999999992,Sedang (50-150 NTU)
2026-08-14 17:00:00,Shift 2 (Sore),8794.25,8492.68,0,79.3,7.43,252.65,217.05,301.5699999999997,3.4291724706484317,Normal,35.599999999999994,231399.99999999997,Sedang (50-150 NTU)
2026-08-14 18:00:00,Shift 2 (Sore),8698.16,8472.97,0,78.0,6.96,235.79,212.98,225.1900000000005,2.5889383501798138,Normal,22.810000000000002,148265.00000000003,Sedang (50-150 NTU)
2026-08-14 19:00:00,Shift 2 (Sore),8565.41,8304.77,0,77.5,7.3,220.16,209.02,260.6399999999994,3.0429366486834772,Normal,11.139999999999986,72409.99999999991,Sedang (50-150 NTU)
2026-08-14 20:00:00,Shift 2 (Sore),8711.37,8480.41,0,109.7,7.5,250.41,257.51,230.96000000000095,2.65124773715272,Normal,0.0,0.0,Sedang (50-150 NTU)
2026-08-14 21:00:00,Shift 2 (Sore),8598.43,8314.97,0,78.7,7.1,231.91,211.41,283.46000000000095,3.296648341615864,Normal,20.5,133250.0,Sedang (50-150 NTU)
2026-08-14 22:00:00,Shift 2 (Sore),8846.27,8517.18,0,45.9,7.14,186.12,171.18,329.09000000000015,3.7200989795699217,Normal,14.939999999999998,97109.99999999999,Rendah (<50 NTU)
2026-08-14 23:00:00,Shift 2 (Sore),8677.94,8386.34,0,60.8,7.09,230.89,188.56,291.60000000000036,3.36024448198536,Normal,42.329999999999984,275144.9999999999,Sedang (50-150 NTU)
2026-08-15 00:00:00,Shift 3 (Malam),8576.18,8353.21,0,72.5,7.1,204.6,202.34,222.97000000000116,2.59987546903168,Normal,2.259999999999991,14689.999999999942,Sedang (50-150 NTU)
2026-08-15 01:00:00,Shift 3 (Malam),8651.79,8015.61,1,80.2,6.87,271.48,214.85,636.1800000000012,7.353160444254901,Normal (Proses Backwash),56.630000000000024,368095.0000000002,Sedang (50-150 NTU)
2026-08-15 02:00:00,Shift 3 (Malam),8761.94,8480.17,0,97.6,6.93,268.61,241.93,281.77000000000044,3.2158403275986873,Normal,26.680000000000007,173420.00000000006,Sedang (50-150 NTU)
2026-08-15 03:00:00,Shift 3 (Malam),8615.44,8354.9,0,80.5,7.22,237.93,214.31,260.5400000000009,3.0241055593214146,Normal,23.620000000000005,153530.00000000003,Sedang (50-150 NTU)
2026-08-15 04:00:00,Shift 3 (Malam),8576.67,8269.3,0,36.3,7.5,157.75,152.78,307.3700000000008,3.583791844620357,Normal,4.969999999999999,32304.999999999993,Rendah (<50 NTU)
2026-08-15 05:00:00,Shift 3 (Malam),8736.55,8425.61,0,47.8,7.08,189.68,171.62,310.9399999999987,3.559070800258669,Normal,18.060000000000002,117390.00000000001,Rendah (<50 NTU)
2026-08-15 06:00:00,Shift 3 (Malam),8736.74,8448.84,0,100.4,7.07,274.12,245.22,287.89999999999964,3.295279474952896,Normal,28.900000000000006,187850.00000000003,Sedang (50-150 NTU)
2026-08-15 07:00:00,Shift 3 (Malam),8623.96,8366.49,0,71.7,7.54,233.73,202.37,257.46999999999935,2.9855194133553424,Normal,31.359999999999985,203839.9999999999,Sedang (50-150 NTU)
2026-08-15 08:00:00,Shift 1 (Pagi),8629.34,8384.97,0,83.3,6.98,219.0,218.62,244.3700000000008,2.8318504080265794,Normal,0.37999999999999545,2469.9999999999704,Sedang (50-150 NTU)
2026-08-15 09:00:00,Shift 1 (Pagi),8734.81,8504.42,0,68.1,6.87,238.44,199.94,230.38999999999942,2.637607457975611,Normal,38.5,250250.0,Sedang (50-150 NTU)
2026-08-15 10:00:00,Shift 1 (Pagi),8482.79,8231.58,0,60.7,7.03,204.24,184.18,251.21000000000095,2.961407744385997,Normal,20.060000000000002,130390.00000000001,Sedang (50-150 NTU)
2026-08-15 11:00:00,Shift 1 (Pagi),8488.88,8231.06,0,69.1,7.07,220.83,195.65,257.8199999999997,3.0371497771201823,Normal,25.180000000000007,163670.00000000006,Sedang (50-150 NTU)
2026-08-15 12:00:00,Shift 1 (Pagi),8592.23,8301.94,0,83.8,6.85,231.85,218.24,290.28999999999905,3.3785175676163126,Normal,13.609999999999985,88464.9999999999,Sedang (50-150 NTU)
2026-08-15 13:00:00,Shift 1 (Pagi),8667.98,7997.12,1,78.4,7.17,214.02,212.79,670.8599999999997,7.739519472818346,Normal (Proses Backwash),1.2300000000000182,7995.000000000118,Sedang (50-150 NTU)
2026-08-15 14:00:00,Shift 1 (Pagi),8746.64,8520.0,0,380.2,7.39,691.76,637.08,226.63999999999942,2.591166436483032,Normal,54.67999999999995,355419.99999999965,Ekstrem (>300 NTU)
2026-08-15 15:00:00,Shift 1 (Pagi),8921.3,8652.43,0,273.1,6.94,544.15,496.95,268.869999999999,3.0137984374474462,Normal,47.19999999999999,306799.99999999994,Tinggi (150-300 NTU)
2026-08-15 16:00:00,Shift 2 (Sore),8828.65,8587.07,0,315.7,7.22,534.86,551.87,241.57999999999993,2.7363186897203984,Normal,0.0,0.0,Ekstrem (>300 NTU)
2026-08-15 17:00:00,Shift 2 (Sore),8676.01,8441.42,0,268.5,7.28,545.29,476.88,234.59000000000015,2.7038926879982865,Normal,68.40999999999997,444664.99999999977,Tinggi (150-300 NTU)
2026-08-15 18:00:00,Shift 2 (Sore),8697.15,8386.18,0,402.5,7.18,770.52,664.4,310.96999999999935,3.5755391133877117,Normal,106.12,689780.0,Ekstrem (>300 NTU)
2026-08-15 19:00:00,Shift 2 (Sore),8549.62,8331.22,0,357.6,7.24,604.57,591.77,218.40000000000146,2.5544994982233296,Normal,12.800000000000068,83200.00000000044,Ekstrem (>300 NTU)
2026-08-15 20:00:00,Shift 2 (Sore),8697.22,8432.4,0,304.5,7.24,527.2,528.15,264.8199999999997,3.0448810079542628,Normal,0.0,0.0,Ekstrem (>300 NTU)
2026-08-15 21:00:00,Shift 2 (Sore),8656.7,8421.35,0,292.6,7.04,537.54,509.15,235.35000000000036,2.718703432023754,Normal,28.389999999999986,184534.9999999999,Tinggi (150-300 NTU)
2026-08-15 22:00:00,Shift 2 (Sore),8748.41,8429.69,0,329.9,7.5,613.15,566.73,318.71999999999935,3.64317630289389,Normal,46.41999999999996,301729.9999999997,Ekstrem (>300 NTU)
2026-08-15 23:00:00,Shift 2 (Sore),8575.92,8299.41,0,92.2,7.45,242.9,229.4,276.5100000000002,3.22426048750455,Normal,13.5,87750.0,Sedang (50-150 NTU)
2026-08-16 00:00:00,Shift 3 (Malam),8777.9,8532.05,0,77.8,7.44,230.78,214.65,245.85000000000036,2.800783786554875,Normal,16.129999999999995,104844.99999999997,Sedang (50-150 NTU)
2026-08-16 01:00:00,Shift 3 (Malam),8929.91,8268.34,1,99.6,7.4,273.81,249.43,661.5699999999997,7.408473321679611,Normal (Proses Backwash),24.379999999999995,158469.99999999997,Sedang (50-150 NTU)
2026-08-16 02:00:00,Shift 3 (Malam),8683.69,8384.02,0,127.7,6.89,273.38,281.68,299.6700000000001,3.450952302534983,Normal,0.0,0.0,Sedang (50-150 NTU)
2026-08-16 03:00:00,Shift 3 (Malam),8760.26,8432.14,0,73.3,7.39,203.68,207.89,328.1200000000008,3.7455509311367563,Normal,0.0,0.0,Sedang (50-150 NTU)
2026-08-16 04:00:00,Shift 3 (Malam),8803.52,8558.2,0,65.1,7.33,170.18,197.38,245.3199999999997,2.7866126276761984,Normal,0.0,0.0,Sedang (50-150 NTU)
2026-08-16 05:00:00,Shift 3 (Malam),8639.82,8324.29,0,54.3,6.89,206.58,178.8,315.52999999999884,3.6520436768358464,Normal,27.78,180570.0,Sedang (50-150 NTU)
2026-08-16 06:00:00,Shift 3 (Malam),8733.61,8409.2,0,44.9,7.16,181.16,167.55,324.40999999999985,3.7145006474985696,Normal,13.609999999999985,88464.9999999999,Rendah (<50 NTU)
2026-08-16 07:00:00,Shift 3 (Malam),8701.89,8380.67,0,41.1,7.26,188.11,161.63,321.21999999999935,3.6913819871315234,Normal,26.480000000000018,172120.00000000012,Rendah (<50 NTU)
2026-08-16 08:00:00,Shift 1 (Pagi),8714.65,8424.8,0,59.3,7.53,185.24,187.3,289.85000000000036,3.326008502923243,Normal,0.0,0.0,Sedang (50-150 NTU)
2026-08-16 09:00:00,Shift 1 (Pagi),8584.05,8299.16,0,120.0,7.34,289.79,267.84,284.8899999999994,3.3188296899482115,Normal,21.950000000000045,142675.0000000003,Sedang (50-150 NTU)
2026-08-16 10:00:00,Shift 1 (Pagi),8703.68,8440.46,0,103.7,7.03,273.01,248.83,263.22000000000116,3.024238023456758,Normal,24.17999999999998,157169.99999999985,Sedang (50-150 NTU)
2026-08-16 11:00:00,Shift 1 (Pagi),8774.7,8469.51,0,63.9,7.54,201.89,195.05,305.1900000000005,3.4780676262436376,Normal,6.839999999999975,44459.99999999984,Sedang (50-150 NTU)
2026-08-16 12:00:00,Shift 1 (Pagi),8917.67,8633.14,0,184.4,7.21,353.69,370.08,284.53000000000065,3.1906316335993665,Normal,0.0,0.0,Tinggi (150-300 NTU)
2026-08-16 13:00:00,Shift 1 (Pagi),8843.89,8164.91,1,60.9,7.15,234.54,192.3,678.9799999999996,7.677390831410155,Normal (Proses Backwash),42.23999999999998,274559.9999999999,Sedang (50-150 NTU)
2026-08-16 14:00:00,Shift 1 (Pagi),9022.98,8747.15,0,133.1,7.13,358.17,300.49,275.8299999999999,3.0569723084834495,Normal,57.68000000000001,374920.00000000006,Sedang (50-150 NTU)
2026-08-16 15:00:00,Shift 1 (Pagi),8584.9,8288.64,0,147.3,6.88,320.47,305.37,296.2600000000002,3.450942934687652,Normal,15.100000000000023,98150.00000000015,Sedang (50-150 NTU)
2026-08-16 16:00:00,Shift 2 (Sore),8830.85,8515.43,0,94.8,7.18,268.92,239.93,315.4200000000001,3.571796599421347,Normal,28.99000000000001,188435.00000000006,Sedang (50-150 NTU)
2026-08-16 17:00:00,Shift 2 (Sore),8727.5,8492.7,0,59.1,7.3,195.0,187.29,234.79999999999927,2.6903466055571386,Normal,7.710000000000008,50115.00000000005,Sedang (50-150 NTU)
2026-08-16 18:00:00,Shift 2 (Sore),9028.47,8705.0,0,67.3,7.12,205.59,205.52,323.46999999999935,3.5827775913305286,Normal,0.06999999999999318,454.99999999995566,Sedang (50-150 NTU)
2026-08-16 19:00:00,Shift 2 (Sore),8578.76,8304.03,0,84.6,7.28,268.61,219.06,274.72999999999956,3.202444176081386,Normal,49.55000000000001,322075.00000000006,Sedang (50-150 NTU)
2026-08-16 20:00:00,Shift 2 (Sore),8574.04,8265.54,0,45.3,7.03,156.41,165.07,308.5,3.598070454534851,Normal,0.0,0.0,Rendah (<50 NTU)
2026-08-16 21:00:00,Shift 2 (Sore),8610.09,8346.56,0,52.5,7.17,185.65,175.62,263.53000000000065,3.0607113282207346,Normal,10.030000000000001,65195.00000000001,Sedang (50-150 NTU)
2026-08-16 22:00:00,Shift 2 (Sore),8381.42,8130.58,0,50.9,7.26,183.52,168.87,250.84000000000015,2.992810287516914,Normal,14.650000000000006,95225.00000000004,Sedang (50-150 NTU)
2026-08-16 23:00:00,Shift 2 (Sore),8621.14,8303.05,0,97.9,7.24,289.0,238.43,318.09000000000015,3.689651252618565,Normal,50.56999999999999,328704.99999999994,Sedang (50-150 NTU)
2026-08-17 00:00:00,Shift 3 (Malam),8586.13,8343.44,0,127.2,6.88,319.9,277.76,242.6899999999987,2.826535354111791,Normal,42.139999999999986,273909.9999999999,Sedang (50-150 NTU)
2026-08-17 01:00:00,Shift 3 (Malam),8722.56,8028.77,1,105.4,7.11,238.27,251.81,693.789999999999,7.953972228336625,Normal (Proses Backwash),0.0,0.0,Sedang (50-150 NTU)
2026-08-17 02:00:00,Shift 3 (Malam),8751.26,8477.42,0,117.9,7.54,291.69,270.14,273.84000000000015,3.1291494024860436,Normal,21.55000000000001,140075.0000000001,Sedang (50-150 NTU)
2026-08-17 03:00:00,Shift 3 (Malam),8981.43,8696.86,0,57.2,7.1,205.55,190.03,284.5699999999997,3.1684264087121954,Normal,15.52000000000001,100880.00000000007,Sedang (50-150 NTU)
2026-08-17 04:00:00,Shift 3 (Malam),8842.56,8586.04,0,68.5,7.2,215.52,202.99,256.5199999999986,2.9009698548836385,Normal,12.530000000000001,81445.00000000001,Sedang (50-150 NTU)
2026-08-17 05:00:00,Shift 3 (Malam),8613.46,8333.96,0,70.6,7.18,226.59,200.6,279.5,3.24492132081649,Normal,25.99000000000001,168935.00000000006,Sedang (50-150 NTU)
2026-08-17 06:00:00,Shift 3 (Malam),8565.24,8314.9,0,94.7,7.51,224.89,232.5,250.34000000000015,2.9227435541794526,Normal,0.0,0.0,Sedang (50-150 NTU)
2026-08-17 07:00:00,Shift 3 (Malam),8773.79,8549.96,0,60.0,7.46,198.41,189.45,223.83000000000175,2.5511210092787917,Normal,8.960000000000008,58240.00000000005,Sedang (50-150 NTU)
2026-08-17 08:00:00,Shift 1 (Pagi),8501.97,8259.35,0,114.7,7.36,288.64,258.1,242.61999999999898,2.8536915561922593,Normal,30.539999999999964,198509.99999999977,Sedang (50-150 NTU)
2026-08-17 09:00:00,Shift 1 (Pagi),8974.72,8749.61,0,145.4,7.01,359.09,316.55,225.10999999999876,2.508267667403538,Normal,42.539999999999964,276509.99999999977,Sedang (50-150 NTU)
2026-08-17 10:00:00,Shift 1 (Pagi),8876.92,8542.09,0,96.7,7.27,266.29,243.86,334.8299999999999,3.771916385412958,Normal,22.430000000000007,145795.00000000006,Sedang (50-150 NTU)
2026-08-17 11:00:00,Shift 1 (Pagi),8629.62,8305.54,0,67.3,7.31,207.64,196.45,324.0799999999999,3.7554376670119876,Normal,11.189999999999998,72734.99999999999,Sedang (50-150 NTU)
2026-08-17 12:00:00,Shift 1 (Pagi),8443.03,8188.58,0,55.4,7.06,188.49,176.09,254.45000000000073,3.0137284837315597,Normal,12.400000000000006,80600.00000000004,Sedang (50-150 NTU)
2026-08-17 13:00:00,Shift 1 (Pagi),8903.08,8216.2,1,51.0,7.03,204.43,179.44,686.8799999999992,7.715082870197721,Normal (Proses Backwash),24.99000000000001,162435.00000000006,Sedang (50-150 NTU)
2026-08-17 14:00:00,Shift 1 (Pagi),8682.82,8426.72,0,36.4,7.54,167.62,154.82,256.10000000000036,2.949502580958725,Normal,12.800000000000011,83200.00000000007,Rendah (<50 NTU)
2026-08-17 15:00:00,Shift 1 (Pagi),8885.67,8586.01,0,71.4,7.14,207.48,208.18,299.65999999999985,3.372396228984419,Normal,0.0,0.0,Sedang (50-150 NTU)
2026-08-17 16:00:00,Shift 2 (Sore),8460.84,8160.73,0,69.8,7.52,192.35,196.01,300.1100000000006,3.5470473380893695,Normal,0.0,0.0,Sedang (50-150 NTU)
2026-08-17 17:00:00,Shift 2 (Sore),8610.09,8288.87,0,111.7,7.4,247.07,257.15,321.21999999999935,3.730739167650969,Normal,0.0,0.0,Sedang (50-150 NTU)
2026-08-17 18:00:00,Shift 2 (Sore),8700.79,8438.0,0,61.5,7.28,227.3,189.98,262.7900000000009,3.020300455475892,Normal,37.32000000000002,242580.00000000015,Sedang (50-150 NTU)
2026-08-17 19:00:00,Shift 2 (Sore),8707.05,8400.71,0,73.1,7.29,236.09,206.27,306.34000000000015,3.518298390384805,Normal,29.819999999999993,193829.99999999994,Sedang (50-150 NTU)
2026-08-17 20:00:00,Shift 2 (Sore),8632.49,8386.83,0,88.1,6.92,241.38,225.28,245.65999999999985,2.8457606090479093,Normal,16.099999999999994,104649.99999999996,Sedang (50-150 NTU)
2026-08-17 21:00:00,Shift 2 (Sore),8793.43,8460.38,0,96.0,7.24,251.14,240.63,333.0500000000011,3.787486794117893,Normal,10.509999999999991,68314.99999999994,Sedang (50-150 NTU)
2026-08-17 22:00:00,Shift 2 (Sore),8539.86,8323.5,0,106.1,7.48,255.91,247.47,216.36000000000058,2.5335309946533147,Normal,8.439999999999998,54859.999999999985,Sedang (50-150 NTU)
2026-08-17 23:00:00,Shift 2 (Sore),8678.64,8393.59,0,84.5,7.34,258.51,221.43,285.0499999999993,3.284500797359947,Normal,37.079999999999984,241019.99999999988,Sedang (50-150 NTU)
2026-08-18 00:00:00,Shift 3 (Malam),8718.04,8425.35,0,46.2,7.23,208.34,169.06,292.6900000000005,3.3572913177732664,Normal,39.28,255320.0,Rendah (<50 NTU)
2026-08-18 01:00:00,Shift 3 (Malam),8777.17,8099.23,1,92.5,7.54,242.63,235.2,677.9400000000005,7.723901895485681,Normal (Proses Backwash),7.430000000000007,48295.000000000044,Sedang (50-150 NTU)
2026-08-18 02:00:00,Shift 3 (Malam),8806.74,8572.79,0,59.8,7.16,222.38,189.89,233.9499999999989,2.656488098887885,Normal,32.49000000000001,211185.00000000006,Sedang (50-150 NTU)
2026-08-18 03:00:00,Shift 3 (Malam),8531.3,8213.93,0,129.9,7.08,302.63,279.63,317.369999999999,3.7200661095026435,Normal,23.0,149500.0,Sedang (50-150 NTU)
2026-08-18 04:00:00,Shift 3 (Malam),8469.88,8238.19,0,79.0,7.23,221.89,208.74,231.6899999999987,2.735457881339508,Normal,13.149999999999977,85474.99999999985,Sedang (50-150 NTU)
2026-08-18 05:00:00,Shift 3 (Malam),8891.65,8597.38,0,86.6,7.35,275.94,229.89,294.27000000000044,3.3095094836166563,Normal,46.05000000000001,299325.00000000006,Sedang (50-150 NTU)
2026-08-18 06:00:00,Shift 3 (Malam),8749.85,8505.77,0,216.4,6.86,440.28,407.98,244.07999999999993,2.7895335348605967,Normal,32.299999999999955,209949.9999999997,Tinggi (150-300 NTU)
2026-08-18 07:00:00,Shift 3 (Malam),8587.73,8338.74,0,106.9,7.26,275.88,249.96,248.98999999999978,2.899369216312108,Normal,25.919999999999987,168479.9999999999,Sedang (50-150 NTU)
2026-08-18 08:00:00,Shift 1 (Pagi),8932.67,8645.9,0,91.8,7.36,262.16,238.36,286.77000000000044,3.21035032078875,Normal,23.80000000000001,154700.0000000001,Sedang (50-150 NTU)
2026-08-18 09:00:00,Shift 1 (Pagi),8717.35,8452.14,0,73.9,7.15,197.34,207.74,265.21000000000095,3.0423236419324784,Normal,0.0,0.0,Sedang (50-150 NTU)
2026-08-18 10:00:00,Shift 1 (Pagi),8876.89,8636.48,0,47.5,7.42,191.93,174.0,240.40999999999985,2.7082683237034577,Normal,17.930000000000007,116545.00000000004,Rendah (<50 NTU)
2026-08-18 11:00:00,Shift 1 (Pagi),8710.13,8473.02,0,71.8,7.33,211.73,204.57,237.10999999999876,2.722232618801313,Normal,7.159999999999997,46539.99999999998,Sedang (50-150 NTU)
2026-08-18 12:00:00,Shift 1 (Pagi),9009.11,8734.91,0,55.1,7.63,181.21,187.53,274.2000000000007,3.043585881402277,Normal,0.0,0.0,Sedang (50-150 NTU)
2026-08-18 13:00:00,Shift 1 (Pagi),8963.3,8270.98,1,153.6,7.05,340.47,327.81,692.3199999999997,7.723940959244918,Normal (Proses Backwash),12.660000000000025,82290.00000000016,Tinggi (150-300 NTU)
2026-08-18 14:00:00,Shift 1 (Pagi),8662.66,8344.97,0,92.3,7.37,240.67,231.87,317.6900000000005,3.667349289940971,Normal,8.799999999999983,57199.99999999989,Sedang (50-150 NTU)
2026-08-18 15:00:00,Shift 1 (Pagi),8845.74,8614.92,0,127.7,7.0,333.54,286.94,230.8199999999997,2.609391639365386,Normal,46.60000000000002,302900.0000000002,Sedang (50-150 NTU)
2026-08-18 16:00:00,Shift 2 (Sore),8796.81,8531.93,0,60.8,6.88,190.15,191.13,264.8799999999992,3.0110915206762363,Normal,0.0,0.0,Sedang (50-150 NTU)
2026-08-18 17:00:00,Shift 2 (Sore),8905.29,8671.06,0,56.6,6.79,190.64,187.49,234.23000000000138,2.6302343887734296,Normal,3.1499999999999773,20474.99999999985,Sedang (50-150 NTU)
2026-08-18 18:00:00,Shift 2 (Sore),8555.26,8339.53,0,102.4,7.31,266.88,242.88,215.72999999999956,2.521606590565331,Normal,24.0,156000.0,Sedang (50-150 NTU)
2026-08-18 19:00:00,Shift 2 (Sore),8802.91,8507.11,0,54.3,7.24,177.34,182.09,295.7999999999993,3.3602524619699543,Normal,0.0,0.0,Sedang (50-150 NTU)
2026-08-18 20:00:00,Shift 2 (Sore),8858.76,8567.91,0,65.3,7.1,204.26,198.84,290.85000000000036,3.283190875472418,Normal,5.4199999999999875,35229.99999999992,Sedang (50-150 NTU)
2026-08-18 21:00:00,Shift 2 (Sore),8436.19,8207.41,0,157.0,6.85,296.45,313.09,228.78000000000065,2.711887712344087,Normal,0.0,0.0,Tinggi (150-300 NTU)
2026-08-18 22:00:00,Shift 2 (Sore),8522.51,8283.54,0,66.3,7.06,222.3,192.7,238.96999999999935,2.803986149620233,Normal,29.600000000000023,192400.00000000015,Sedang (50-150 NTU)
2026-08-18 23:00:00,Shift 2 (Sore),8394.12,8181.68,0,44.1,7.2,168.94,159.99,212.4400000000005,2.5308191924823626,Normal,8.949999999999989,58174.99999999993,Rendah (<50 NTU)
2026-08-19 00:00:00,Shift 3 (Malam),8659.59,8349.11,0,39.0,7.36,170.41,157.98,310.47999999999956,3.5853891465993146,Normal,12.430000000000007,80795.00000000004,Rendah (<50 NTU)
2026-08-19 01:00:00,Shift 3 (Malam),8807.63,8095.84,1,42.4,7.2,190.82,165.46,711.789999999999,8.08151568583148,Normal (Proses Backwash),25.359999999999985,164839.9999999999,Rendah (<50 NTU)
2026-08-19 02:00:00,Shift 3 (Malam),8925.35,8686.5,0,131.1,7.25,300.88,294.34,238.85000000000036,2.676085531659827,Normal,6.5400000000000205,42510.00000000013,Sedang (50-150 NTU)
2026-08-19 03:00:00,Shift 3 (Malam),8711.11,8467.12,0,62.3,7.12,201.85,191.32,243.98999999999978,2.80090596950331,Normal,10.530000000000001,68445.00000000001,Sedang (50-150 NTU)
2026-08-19 04:00:00,Shift 3 (Malam),8944.29,7969.71,0,213.1,7.55,410.45,412.31,974.5800000000008,10.896113609912032,CRITICAL: Indikasi Kebocoran / Overflow,0.0,0.0,Tinggi (150-300 NTU)
2026-08-19 05:00:00,Shift 3 (Malam),8492.98,7528.37,0,146.2,7.0,299.2,300.61,964.6099999999997,11.357733092506985,CRITICAL: Indikasi Kebocoran / Overflow,0.0,0.0,Sedang (50-150 NTU)
2026-08-19 06:00:00,Shift 3 (Malam),8444.49,7537.31,0,174.3,7.06,339.03,336.89,907.1799999999994,10.742863097712227,CRITICAL: Indikasi Kebocoran / Overflow,2.1399999999999864,13909.99999999991,Tinggi (150-300 NTU)
2026-08-19 07:00:00,Shift 3 (Malam),8691.67,7818.66,0,119.3,7.1,281.12,270.15,873.0100000000002,10.044214748143915,CRITICAL: Indikasi Kebocoran / Overflow,10.970000000000027,71305.00000000017,Sedang (50-150 NTU)
2026-08-19 08:00:00,Shift 1 (Pagi),8757.61,7884.18,0,100.1,7.31,257.46,245.38,873.4300000000003,9.97338314905551,CRITICAL: Indikasi Kebocoran / Overflow,12.079999999999984,78519.9999999999,Sedang (50-150 NTU)
2026-08-19 09:00:00,Shift 1 (Pagi),8695.1,7762.84,0,55.8,6.99,200.77,182.01,932.2600000000002,10.72167082609746,CRITICAL: Indikasi Kebocoran / Overflow,18.76000000000002,121940.00000000013,Sedang (50-150 NTU)
2026-08-19 10:00:00,Shift 1 (Pagi),8389.88,7487.28,0,78.2,7.23,207.47,205.68,902.5999999999995,10.758199163754423,CRITICAL: Indikasi Kebocoran / Overflow,1.789999999999992,11634.999999999949,Sedang (50-150 NTU)
2026-08-19 11:00:00,Shift 1 (Pagi),8686.63,8466.23,0,104.5,7.23,275.76,249.43,220.39999999999964,2.537232505586167,Normal,26.329999999999984,171144.99999999988,Sedang (50-150 NTU)
2026-08-19 12:00:00,Shift 1 (Pagi),8504.33,8227.24,0,116.0,7.06,290.79,259.91,277.09000000000015,3.2582225760289187,Normal,30.879999999999995,200719.99999999997,Sedang (50-150 NTU)
2026-08-19 13:00:00,Shift 1 (Pagi),8800.45,8199.15,1,49.1,7.27,182.12,174.69,601.3000000000011,6.832605150872978,Normal (Proses Backwash),7.430000000000007,48295.000000000044,Rendah (<50 NTU)
2026-08-19 14:00:00,Shift 1 (Pagi),8754.99,8446.5,0,72.3,7.0,209.5,206.27,308.4899999999998,3.5235905466482516,Normal,3.2299999999999898,20994.999999999935,Sedang (50-150 NTU)
2026-08-19 15:00:00,Shift 1 (Pagi),8559.02,8310.95,0,75.7,6.98,224.26,206.35,248.0699999999997,2.8983458386590955,Normal,17.909999999999997,116414.99999999997,Sedang (50-150 NTU)
2026-08-19 16:00:00,Shift 2 (Sore),8622.92,8402.83,0,74.5,7.22,219.35,206.2,220.09000000000015,2.5523836473027717,Normal,13.150000000000006,85475.00000000004,Sedang (50-150 NTU)
2026-08-19 17:00:00,Shift 2 (Sore),8541.12,8262.26,0,51.4,6.87,189.58,172.72,278.8600000000006,3.2649113933535716,Normal,16.860000000000014,109590.00000000009,Sedang (50-150 NTU)
2026-08-19 18:00:00,Shift 2 (Sore),8690.6,8428.4,0,164.7,6.77,401.82,333.3,262.2000000000007,3.0170529077394046,Normal,68.51999999999998,445379.9999999999,Tinggi (150-300 NTU)
2026-08-19 19:00:00,Shift 2 (Sore),8843.27,8510.24,0,71.3,7.31,224.66,206.97,333.03000000000065,3.7659146446959175,Normal,17.689999999999998,114984.99999999999,Sedang (50-150 NTU)
2026-08-19 20:00:00,Shift 2 (Sore),8552.14,8277.83,0,52.7,7.41,179.83,174.78,274.3099999999995,3.207501280381279,Normal,5.050000000000011,32825.00000000007,Sedang (50-150 NTU)
2026-08-19 21:00:00,Shift 2 (Sore),8775.61,8524.82,0,166.6,7.11,342.19,339.23,250.79000000000087,2.857807035636279,Normal,2.9599999999999795,19239.999999999865,Tinggi (150-300 NTU)
2026-08-19 22:00:00,Shift 2 (Sore),8620.46,8325.45,0,146.3,7.07,308.81,305.21,295.0099999999984,3.4222071675989265,Normal,3.6000000000000227,23400.00000000015,Sedang (50-150 NTU)
2026-08-19 23:00:00,Shift 2 (Sore),8581.07,8336.26,0,83.1,7.4,208.99,217.02,244.8099999999995,2.852907621077552,Normal,0.0,0.0,Sedang (50-150 NTU)
2026-08-20 00:00:00,Shift 3 (Malam),8683.95,8364.77,0,38.9,6.97,182.75,158.28,319.1800000000003,3.6755163260958463,Normal,24.47,159055.0,Rendah (<50 NTU)
2026-08-20 01:00:00,Shift 3 (Malam),8544.71,7909.47,1,64.5,6.93,171.92,190.74,635.2399999999989,7.4343073082643985,Normal (Proses Backwash),0.0,0.0,Sedang (50-150 NTU)
2026-08-20 02:00:00,Shift 3 (Malam),8616.95,8339.93,0,41.4,7.34,179.53,160.43,277.02000000000044,3.2148265917755174,Normal,19.099999999999994,124149.99999999996,Rendah (<50 NTU)
2026-08-20 03:00:00,Shift 3 (Malam),8520.32,8301.71,0,96.9,7.2,236.85,234.38,218.61000000000058,2.565748704274025,Normal,2.469999999999999,16054.999999999993,Sedang (50-150 NTU)
2026-08-20 04:00:00,Shift 3 (Malam),8994.71,8720.01,0,62.8,7.41,205.99,198.26,274.6999999999989,3.0540173057274655,Normal,7.730000000000018,50245.00000000012,Sedang (50-150 NTU)
2026-08-20 05:00:00,Shift 3 (Malam),8705.29,8393.46,0,77.4,6.77,214.06,212.33,311.83000000000175,3.5820748073872517,Normal,1.7299999999999898,11244.999999999933,Sedang (50-150 NTU)
2026-08-20 06:00:00,Shift 3 (Malam),8595.04,8290.15,0,159.7,6.92,385.88,322.73,304.89000000000124,3.5472784303505414,Normal,63.14999999999998,410474.9999999998,Tinggi (150-300 NTU)
2026-08-20 07:00:00,Shift 3 (Malam),8732.1,8488.33,0,61.0,7.2,205.43,189.99,243.77000000000044,2.791653783167857,Normal,15.439999999999998,100359.99999999999,Sedang (50-150 NTU)
2026-08-20 08:00:00,Shift 1 (Pagi),8683.15,8440.55,0,95.2,7.28,270.26,236.4,242.60000000000036,2.7939169541007627,Normal,33.859999999999985,220089.9999999999,Sedang (50-150 NTU)
2026-08-20 09:00:00,Shift 1 (Pagi),8666.85,8358.1,0,107.5,7.37,299.6,253.03,308.75,3.562424641017209,Normal,46.57000000000002,302705.0000000001,Sedang (50-150 NTU)
2026-08-20 10:00:00,Shift 1 (Pagi),8792.13,8465.98,0,129.3,7.23,314.11,287.37,326.14999999999964,3.7095675336920597,Normal,26.74000000000001,173810.00000000006,Sedang (50-150 NTU)
2026-08-20 11:00:00,Shift 1 (Pagi),8813.63,8582.36,0,75.1,7.23,208.4,211.71,231.26999999999862,2.6240039575067096,Normal,0.0,0.0,Sedang (50-150 NTU)
2026-08-20 12:00:00,Shift 1 (Pagi),8620.42,8354.48,0,72.0,7.12,215.33,202.69,265.9400000000005,3.085000498815609,Normal,12.640000000000015,82160.0000000001,Sedang (50-150 NTU)
2026-08-20 13:00:00,Shift 1 (Pagi),8613.63,7980.5,1,71.3,7.52,205.75,201.59,633.1299999999992,7.350327330057121,Normal (Proses Backwash),4.159999999999997,27039.999999999978,Sedang (50-150 NTU)
2026-08-20 14:00:00,Shift 1 (Pagi),8658.74,8344.27,0,91.3,6.98,239.48,230.33,314.46999999999935,3.6318217200193024,Normal,9.149999999999977,59474.999999999854,Sedang (50-150 NTU)
2026-08-20 15:00:00,Shift 1 (Pagi),8354.71,8136.77,0,143.4,7.27,313.16,292.01,217.9399999999987,2.6085884489108384,Normal,21.150000000000034,137475.00000000023,Sedang (50-150 NTU)
2026-08-20 16:00:00,Shift 2 (Sore),8472.72,8237.65,0,70.0,7.0,210.12,196.51,235.0699999999997,2.7744337119602647,Normal,13.610000000000014,88465.00000000009,Sedang (50-150 NTU)
2026-08-20 17:00:00,Shift 2 (Sore),8905.03,8595.3,0,31.9,7.31,169.48,152.28,309.7300000000014,3.4781466205055045,Normal,17.19999999999999,111799.99999999993,Rendah (<50 NTU)
2026-08-20 18:00:00,Shift 2 (Sore),8946.75,8717.11,0,112.7,6.99,302.21,268.73,229.63999999999942,2.566742113057808,Normal,33.47999999999996,217619.99999999974,Sedang (50-150 NTU)
2026-08-20 19:00:00,Shift 2 (Sore),8662.64,8390.61,0,80.6,7.35,230.53,215.6,272.02999999999884,3.1402667085322586,Normal,14.930000000000007,97045.00000000004,Sedang (50-150 NTU)
2026-08-20 20:00:00,Shift 2 (Sore),8786.48,8516.32,0,97.0,7.22,268.99,241.83,270.15999999999985,3.0747238939825716,Normal,27.159999999999997,176539.99999999997,Sedang (50-150 NTU)
2026-08-20 21:00:00,Shift 2 (Sore),8746.69,8490.0,0,41.8,7.55,169.42,163.52,256.6900000000005,2.9347101589286972,Normal,5.899999999999977,38349.999999999854,Rendah (<50 NTU)
2026-08-20 22:00:00,Shift 2 (Sore),9161.83,8885.79,0,62.9,7.14,239.5,202.08,276.03999999999905,3.0129351887122886,Normal,37.41999999999999,243229.9999999999,Sedang (50-150 NTU)
2026-08-20 23:00:00,Shift 2 (Sore),8867.94,8585.14,0,108.7,7.28,269.72,260.66,282.8000000000011,3.189015712781109,Normal,9.060000000000002,58890.000000000015,Sedang (50-150 NTU)
2026-08-21 00:00:00,Shift 3 (Malam),8680.81,8445.58,0,47.0,7.04,199.17,169.4,235.22999999999956,2.7097701712167366,Normal,29.769999999999982,193504.99999999988,Rendah (<50 NTU)
2026-08-21 01:00:00,Shift 3 (Malam),8556.67,7899.13,1,95.1,7.14,223.96,232.83,657.54,7.684531482457545,Normal (Proses Backwash),0.0,0.0,Sedang (50-150 NTU)
2026-08-21 02:00:00,Shift 3 (Malam),8459.03,8158.99,0,77.2,7.22,216.17,205.96,300.0400000000009,3.5469787907124206,Normal,10.20999999999998,66364.99999999987,Sedang (50-150 NTU)
2026-08-21 03:00:00,Shift 3 (Malam),8730.52,8425.98,0,57.8,6.89,195.37,185.45,304.5400000000009,3.4882229237204756,Normal,9.920000000000016,64480.0000000001,Sedang (50-150 NTU)
2026-08-21 04:00:00,Shift 3 (Malam),8586.55,8354.7,0,56.0,6.92,198.4,179.98,231.84999999999854,2.700153146490716,Normal,18.420000000000016,119730.0000000001,Sedang (50-150 NTU)
2026-08-21 05:00:00,Shift 3 (Malam),8486.66,8258.03,0,51.6,7.32,197.45,171.85,228.6299999999992,2.6939926897035957,Normal,25.599999999999994,166399.99999999997,Sedang (50-150 NTU)
2026-08-21 06:00:00,Shift 3 (Malam),8603.01,8357.95,0,80.4,7.17,209.6,213.87,245.0599999999995,2.848537895457514,Normal,0.0,0.0,Sedang (50-150 NTU)
2026-08-21 07:00:00,Shift 3 (Malam),8537.77,8284.25,0,84.3,7.08,215.74,217.62,253.52000000000044,2.969393647287294,Normal,0.0,0.0,Sedang (50-150 NTU)
2026-08-21 08:00:00,Shift 1 (Pagi),8953.07,8681.7,0,67.2,7.05,197.18,203.73,271.369999999999,3.03102734592714,Normal,0.0,0.0,Sedang (50-150 NTU)
2026-08-21 09:00:00,Shift 1 (Pagi),8832.25,8533.4,0,50.4,7.06,210.14,177.24,298.85000000000036,3.3836225197429917,Normal,32.89999999999998,213849.99999999985,Sedang (50-150 NTU)
2026-08-21 10:00:00,Shift 1 (Pagi),8698.8,8474.92,0,93.9,7.22,259.48,235.08,223.8799999999992,2.573688324826404,Normal,24.400000000000006,158600.00000000003,Sedang (50-150 NTU)
2026-08-21 11:00:00,Shift 1 (Pagi),8921.99,8694.92,0,113.6,7.29,267.47,269.28,227.0699999999997,2.5450600146379867,Normal,0.0,0.0,Sedang (50-150 NTU)
2026-08-21 12:00:00,Shift 1 (Pagi),8711.61,8449.43,0,101.2,6.78,256.57,245.62,262.1800000000003,3.009547029768324,Normal,10.949999999999989,71174.99999999993,Sedang (50-150 NTU)
2026-08-21 13:00:00,Shift 1 (Pagi),8570.81,7898.86,1,177.7,7.48,407.03,346.54,671.9499999999998,7.839982452066955,Normal (Proses Backwash),60.48999999999995,393184.9999999997,Tinggi (150-300 NTU)
2026-08-21 14:00:00,Shift 1 (Pagi),8928.47,8682.8,0,72.6,7.47,223.0,210.83,245.67000000000007,2.7515352574405254,Normal,12.169999999999987,79104.99999999991,Sedang (50-150 NTU)
2026-08-21 15:00:00,Shift 1 (Pagi),8780.84,8488.09,0,137.0,6.73,313.66,297.87,292.75,3.3339634932421043,Normal,15.79000000000002,102635.00000000013,Sedang (50-150 NTU)
2026-08-21 16:00:00,Shift 2 (Sore),8544.41,8301.94,0,59.9,7.42,187.64,184.42,242.46999999999935,2.8377617647093167,Normal,3.219999999999999,20929.999999999993,Sedang (50-150 NTU)
2026-08-21 17:00:00,Shift 2 (Sore),8671.45,8354.78,0,56.3,7.41,181.75,182.11,316.6700000000001,3.651869064573976,Normal,0.0,0.0,Sedang (50-150 NTU)
2026-08-21 18:00:00,Shift 2 (Sore),8568.66,8254.67,0,82.4,7.2,253.55,215.85,313.9899999999998,3.6644002679532135,Normal,37.70000000000002,245050.00000000012,Sedang (50-150 NTU)
2026-08-21 19:00:00,Shift 2 (Sore),8492.58,8247.44,0,150.9,6.94,372.68,307.01,245.13999999999942,2.8865197619569014,Normal,65.67000000000002,426855.0000000001,Tinggi (150-300 NTU)
2026-08-21 20:00:00,Shift 2 (Sore),8838.93,8591.53,0,69.4,7.4,204.4,204.16,247.39999999999964,2.7989813246625963,Normal,0.2400000000000091,1560.0000000000591,Sedang (50-150 NTU)
2026-08-21 21:00:00,Shift 2 (Sore),8986.41,8713.7,0,41.8,7.15,200.31,167.99,272.7099999999991,3.0346934982935245,Normal,32.31999999999999,210079.99999999994,Rendah (<50 NTU)
2026-08-21 22:00:00,Shift 2 (Sore),8490.21,8251.41,0,112.7,7.31,265.42,254.96,238.79999999999927,2.8126512771768817,Normal,10.460000000000008,67990.00000000006,Sedang (50-150 NTU)
2026-08-21 23:00:00,Shift 2 (Sore),8784.45,8488.05,0,75.8,7.64,238.01,212.0,296.40000000000146,3.3741440841487105,Normal,26.00999999999999,169064.99999999994,Sedang (50-150 NTU)
2026-08-22 00:00:00,Shift 3 (Malam),8602.4,8294.96,0,88.7,7.25,268.75,225.31,307.4400000000005,3.573886357295644,Normal,43.44,282360.0,Sedang (50-150 NTU)
2026-08-22 01:00:00,Shift 3 (Malam),8626.93,7955.77,1,57.4,7.02,195.19,182.69,671.1599999999999,7.779824340756211,Normal (Proses Backwash),12.5,81250.0,Sedang (50-150 NTU)
2026-08-22 02:00:00,Shift 3 (Malam),8611.14,8303.58,0,82.1,7.13,228.11,216.48,307.5599999999995,3.5716525338108482,Normal,11.630000000000024,75595.00000000016,Sedang (50-150 NTU)
2026-08-22 03:00:00,Shift 3 (Malam),8570.4,8311.91,0,43.8,7.04,186.38,162.91,258.4899999999998,3.016078596098196,Normal,23.47,152555.0,Rendah (<50 NTU)
2026-08-22 04:00:00,Shift 3 (Malam),8707.28,8471.9,0,165.9,7.29,332.65,335.6,235.38000000000102,2.703255207137028,Normal,0.0,0.0,Tinggi (150-300 NTU)
2026-08-22 05:00:00,Shift 3 (Malam),8575.36,8278.71,0,122.0,7.04,316.65,270.23,296.65000000000146,3.4593299873125023,Normal,46.41999999999996,301729.9999999997,Sedang (50-150 NTU)
2026-08-22 06:00:00,Shift 3 (Malam),8740.57,8481.09,0,80.6,7.11,237.47,217.58,259.47999999999956,2.9686851086370747,Normal,19.889999999999986,129284.99999999991,Sedang (50-150 NTU)
2026-08-22 07:00:00,Shift 3 (Malam),8692.46,8399.3,0,111.3,6.94,267.88,259.12,293.15999999999985,3.372578073410748,Normal,8.759999999999991,56939.99999999994,Sedang (50-150 NTU)
2026-08-22 08:00:00,Shift 1 (Pagi),8664.16,8417.07,0,60.0,7.17,193.01,187.08,247.09000000000015,2.8518633081568225,Normal,5.929999999999978,38544.99999999986,Sedang (50-150 NTU)
2026-08-22 09:00:00,Shift 1 (Pagi),8563.87,8340.73,0,119.5,7.24,258.38,266.56,223.14000000000124,2.605597702907695,Normal,0.0,0.0,Sedang (50-150 NTU)
2026-08-22 10:00:00,Shift 1 (Pagi),8613.48,8287.0,0,68.1,6.66,204.57,197.26,326.47999999999956,3.7903379354221474,Normal,7.310000000000002,47515.000000000015,Sedang (50-150 NTU)
2026-08-22 11:00:00,Shift 1 (Pagi),8813.31,8575.08,0,66.2,7.25,210.84,199.12,238.22999999999956,2.7030706964806592,Normal,11.719999999999999,76179.99999999999,Sedang (50-150 NTU)
2026-08-22 12:00:00,Shift 1 (Pagi),8775.14,8443.0,0,52.8,7.19,178.59,179.47,332.1399999999994,3.785010837433926,Normal,0.0,0.0,Sedang (50-150 NTU)
2026-08-22 13:00:00,Shift 1 (Pagi),8553.37,7850.87,1,93.4,7.05,248.06,230.46,702.5000000000009,8.21313704422936,Normal (Proses Backwash),17.599999999999994,114399.99999999996,Sedang (50-150 NTU)
2026-08-22 14:00:00,Shift 1 (Pagi),8714.9,8407.09,0,79.1,7.61,240.24,214.91,307.8099999999995,3.531996924806934,Normal,25.330000000000013,164645.0000000001,Sedang (50-150 NTU)
2026-08-22 15:00:00,Shift 1 (Pagi),8812.71,8516.84,0,139.0,7.39,320.78,301.79,295.869999999999,3.357310066937401,Normal,18.989999999999952,123434.9999999997,Sedang (50-150 NTU)
2026-08-22 16:00:00,Shift 2 (Sore),8449.59,8174.88,0,50.6,6.98,192.41,169.83,274.71000000000004,3.2511636659293535,Normal,22.579999999999984,146769.99999999988,Sedang (50-150 NTU)
2026-08-22 17:00:00,Shift 2 (Sore),8781.5,8463.09,0,93.6,7.37,240.52,236.86,318.40999999999985,3.625918123327448,Normal,3.6599999999999966,23789.999999999978,Sedang (50-150 NTU)
2026-08-22 18:00:00,Shift 2 (Sore),8600.61,8353.23,0,127.3,7.45,322.96,278.35,247.38000000000102,2.87630761073925,Normal,44.60999999999996,289964.9999999997,Sedang (50-150 NTU)
2026-08-22 19:00:00,Shift 2 (Sore),8785.59,8512.53,0,215.5,7.23,444.99,408.34,273.0599999999995,3.108043967451241,Normal,36.650000000000034,238225.00000000023,Tinggi (150-300 NTU)
2026-08-22 20:00:00,Shift 2 (Sore),8585.51,8301.74,0,84.9,7.27,264.44,219.7,283.77000000000044,3.3052200742879623,Normal,44.74000000000001,290810.00000000006,Sedang (50-150 NTU)
2026-08-22 21:00:00,Shift 2 (Sore),8429.27,8173.48,0,67.6,7.27,244.87,192.34,255.79000000000087,3.034545102956731,Normal,52.53,341445.0,Sedang (50-150 NTU)
2026-08-22 22:00:00,Shift 2 (Sore),8455.87,8197.48,0,84.0,6.78,224.27,215.15,258.39000000000124,3.055747072743564,Normal,9.120000000000005,59280.00000000003,Sedang (50-150 NTU)
2026-08-22 23:00:00,Shift 2 (Sore),8707.21,8452.15,0,134.0,7.16,304.44,291.14,255.0599999999995,2.9292965255230956,Normal,13.300000000000011,86450.00000000007,Sedang (50-150 NTU)
2026-08-23 00:00:00,Shift 3 (Malam),8738.96,8456.38,0,134.0,7.15,309.78,292.16,282.5799999999999,3.233565550134111,Normal,17.619999999999948,114529.99999999967,Sedang (50-150 NTU)
2026-08-23 01:00:00,Shift 3 (Malam),8564.35,7875.54,1,74.6,7.49,231.12,204.95,688.8100000000004,8.04275864484754,Normal (Proses Backwash),26.170000000000016,170105.00000000012,Sedang (50-150 NTU)
2026-08-23 02:00:00,Shift 3 (Malam),8795.79,8552.85,0,132.9,7.27,347.02,292.58,242.9400000000005,2.762003185614942,Normal,54.44,353860.0,Sedang (50-150 NTU)
2026-08-23 03:00:00,Shift 3 (Malam),8450.77,8136.85,0,77.6,7.14,212.05,206.32,313.9200000000001,3.7146910873210377,Normal,5.730000000000018,37245.00000000012,Sedang (50-150 NTU)
2026-08-23 04:00:00,Shift 3 (Malam),8690.09,8394.99,0,110.8,7.18,286.84,258.29,295.10000000000036,3.3958221376303395,Normal,28.549999999999955,185574.9999999997,Sedang (50-150 NTU)
2026-08-23 05:00:00,Shift 3 (Malam),8518.35,8214.22,0,98.3,7.4,252.46,236.14,304.130000000001,3.570292368827308,Normal,16.32000000000002,106080.00000000015,Sedang (50-150 NTU)
2026-08-23 06:00:00,Shift 3 (Malam),8602.22,8324.97,0,66.5,7.16,220.02,194.8,277.25,3.2230052242328147,Normal,25.22,163930.0,Sedang (50-150 NTU)
2026-08-23 07:00:00,Shift 3 (Malam),8707.11,8401.2,0,53.5,7.06,215.0,179.05,305.90999999999985,3.513335653276459,Normal,35.94999999999999,233674.9999999999,Sedang (50-150 NTU)
2026-08-23 08:00:00,Shift 1 (Pagi),8570.94,8354.86,0,128.8,7.14,296.44,279.45,216.07999999999993,2.5210770347243114,Normal,16.99000000000001,110435.00000000006,Sedang (50-150 NTU)
2026-08-23 09:00:00,Shift 1 (Pagi),8642.32,8334.31,0,145.0,7.39,287.97,304.27,308.0100000000002,3.5639735626544753,Normal,0.0,0.0,Sedang (50-150 NTU)
2026-08-23 10:00:00,Shift 1 (Pagi),8850.94,8625.05,0,92.6,7.3,270.52,237.4,225.89000000000124,2.552158301830102,Normal,33.119999999999976,215279.99999999985,Sedang (50-150 NTU)
2026-08-23 11:00:00,Shift 1 (Pagi),8613.47,8298.48,0,77.5,7.21,213.05,210.23,314.9899999999998,3.6569466196550264,Normal,2.8200000000000216,18330.000000000142,Sedang (50-150 NTU)
2026-08-23 12:00:00,Shift 1 (Pagi),8825.35,8490.91,0,48.4,7.24,186.12,174.18,334.4400000000005,3.789538091973695,Normal,11.939999999999998,77609.99999999999,Rendah (<50 NTU)
2026-08-23 13:00:00,Shift 1 (Pagi),8530.54,7904.67,1,127.3,7.09,315.57,276.1,625.8700000000008,7.336815723271924,Normal (Proses Backwash),39.46999999999997,256554.9999999998,Sedang (50-150 NTU)
2026-08-23 14:00:00,Shift 1 (Pagi),8779.47,8535.98,0,88.1,7.16,252.94,229.15,243.48999999999978,2.7734020390752496,Normal,23.789999999999992,154634.99999999994,Sedang (50-150 NTU)
2026-08-23 15:00:00,Shift 1 (Pagi),8916.24,8604.62,0,70.3,7.07,222.21,207.31,311.619999999999,3.4949709743120305,Normal,14.900000000000006,96850.00000000004,Sedang (50-150 NTU)
2026-08-23 16:00:00,Shift 2 (Sore),8329.25,8093.62,0,112.2,7.14,257.87,249.41,235.6300000000001,2.82894618362998,Normal,8.460000000000008,54990.00000000005,Sedang (50-150 NTU)
2026-08-23 17:00:00,Shift 2 (Sore),8580.47,8269.4,0,45.3,7.47,140.11,165.22,311.0699999999997,3.6253258854118684,Normal,0.0,0.0,Rendah (<50 NTU)
2026-08-23 18:00:00,Shift 2 (Sore),8786.56,8555.15,0,51.9,6.98,202.61,178.37,231.40999999999985,2.633681440745865,Normal,24.24000000000001,157560.00000000006,Sedang (50-150 NTU)
2026-08-23 19:00:00,Shift 2 (Sore),8669.54,8438.61,0,59.1,7.06,197.16,186.04,230.9300000000003,2.663693806130432,Normal,11.120000000000005,72280.00000000003,Sedang (50-150 NTU)
2026-08-23 20:00:00,Shift 2 (Sore),8755.67,8425.33,0,96.9,6.95,289.3,240.87,330.34000000000015,3.772869466300125,Normal,48.43000000000001,314795.00000000006,Sedang (50-150 NTU)
2026-08-23 21:00:00,Shift 2 (Sore),8609.4,8318.75,0,84.4,6.91,244.16,219.6,290.64999999999964,3.3759611587334732,Normal,24.560000000000002,159640.00000000003,Sedang (50-150 NTU)
2026-08-23 22:00:00,Shift 2 (Sore),8712.99,8399.24,0,101.9,7.16,255.62,246.56,313.75,3.600945255302715,Normal,9.060000000000002,58890.000000000015,Sedang (50-150 NTU)
2026-08-23 23:00:00,Shift 2 (Sore),8676.65,8423.15,0,123.4,7.08,320.98,275.44,253.5,2.921634501795048,Normal,45.54000000000002,296010.0000000001,Sedang (50-150 NTU)
2026-08-24 00:00:00,Shift 3 (Malam),8875.17,8575.24,0,103.5,7.55,297.02,253.41,299.9300000000003,3.3794282250368193,Normal,43.609999999999985,283464.9999999999,Sedang (50-150 NTU)
2026-08-24 01:00:00,Shift 3 (Malam),8738.16,8072.21,1,167.6,7.14,360.31,339.12,665.9499999999998,7.621169674164811,Normal (Proses Backwash),21.189999999999998,137734.99999999997,Tinggi (150-300 NTU)
2026-08-24 02:00:00,Shift 3 (Malam),8750.64,8463.26,0,123.3,7.46,326.33,277.61,287.3799999999992,3.284102648491987,Normal,48.71999999999997,316679.9999999998,Sedang (50-150 NTU)
2026-08-24 03:00:00,Shift 3 (Malam),8638.22,8345.62,0,74.5,7.39,213.97,206.62,292.59999999999854,3.387271914815767,Normal,7.349999999999994,47774.99999999996,Sedang (50-150 NTU)
2026-08-24 04:00:00,Shift 3 (Malam),8626.86,8346.66,0,62.7,7.16,207.69,190.05,280.2000000000007,3.247995214944959,Normal,17.639999999999986,114659.99999999991,Sedang (50-150 NTU)
2026-08-24 05:00:00,Shift 3 (Malam),8635.12,8371.07,0,75.4,7.62,233.97,207.84,264.0500000000011,3.057861384670984,Normal,26.129999999999995,169844.99999999997,Sedang (50-150 NTU)
2026-08-24 06:00:00,Shift 3 (Malam),8759.17,8508.77,0,105.0,7.25,288.32,252.29,250.39999999999964,2.85871834888465,Normal,36.03,234195.0,Sedang (50-150 NTU)
2026-08-24 07:00:00,Shift 3 (Malam),8636.85,8334.64,0,65.3,7.5,219.09,193.93,302.21000000000095,3.499076630947636,Normal,25.159999999999997,163539.99999999997,Sedang (50-150 NTU)
2026-08-24 08:00:00,Shift 1 (Pagi),8743.47,8499.16,0,106.3,7.48,267.15,253.61,244.3099999999995,2.7941995569264777,Normal,13.539999999999964,88009.99999999977,Sedang (50-150 NTU)
2026-08-24 09:00:00,Shift 1 (Pagi),9011.31,8704.92,0,101.1,7.28,296.37,253.85,306.3899999999994,3.400060590524568,Normal,42.52000000000001,276380.00000000006,Sedang (50-150 NTU)
2026-08-24 10:00:00,Shift 1 (Pagi),8830.67,8583.12,0,53.2,7.35,193.89,181.2,247.54999999999927,2.8032980509972547,Normal,12.689999999999998,82484.99999999999,Sedang (50-150 NTU)
2026-08-24 11:00:00,Shift 1 (Pagi),8651.1,8364.49,0,122.2,7.32,282.43,273.02,286.6100000000006,3.3129890996520737,Normal,9.410000000000025,61165.00000000016,Sedang (50-150 NTU)
2026-08-24 12:00:00,Shift 1 (Pagi),8880.18,8571.93,0,91.3,6.97,244.64,236.21,308.25,3.4712134213495673,Normal,8.429999999999978,54794.99999999986,Sedang (50-150 NTU)
2026-08-24 13:00:00,Shift 1 (Pagi),8638.79,8018.26,1,163.7,7.21,407.55,329.95,620.5300000000007,7.18306614699513,Normal (Proses Backwash),77.60000000000002,504400.0000000002,Tinggi (150-300 NTU)
2026-08-24 14:00:00,Shift 1 (Pagi),8394.28,8177.88,0,267.8,7.41,469.84,460.34,216.40000000000055,2.5779459346126234,Normal,9.5,61750.0,Tinggi (150-300 NTU)
2026-08-24 15:00:00,Shift 1 (Pagi),8548.79,8320.51,0,344.6,7.51,679.15,573.93,228.28000000000065,2.6703194253221874,Normal,105.22000000000003,683930.0000000002,Ekstrem (>300 NTU)
2026-08-24 16:00:00,Shift 2 (Sore),8419.38,8142.57,0,264.7,7.06,452.6,457.56,276.8099999999995,3.287771783670526,Normal,0.0,0.0,Tinggi (150-300 NTU)
2026-08-24 17:00:00,Shift 2 (Sore),8647.27,8335.6,0,330.5,7.31,627.76,560.98,311.6700000000001,3.604258916397893,Normal,66.77999999999997,434069.9999999998,Ekstrem (>300 NTU)
2026-08-24 18:00:00,Shift 2 (Sore),8702.76,8480.1,0,410.9,7.23,746.85,676.64,222.65999999999985,2.55849868317637,Normal,70.21000000000004,456365.00000000023,Ekstrem (>300 NTU)
2026-08-24 19:00:00,Shift 2 (Sore),8951.47,8642.25,0,448.5,7.18,907.06,749.82,309.21999999999935,3.454404695541619,Normal,157.2399999999999,1022059.9999999993,Ekstrem (>300 NTU)
2026-08-24 20:00:00,Shift 2 (Sore),8749.04,8491.49,0,332.3,7.27,585.98,570.22,257.5500000000011,2.943751543026447,Normal,15.759999999999991,102439.99999999994,Ekstrem (>300 NTU)
2026-08-24 21:00:00,Shift 2 (Sore),8667.13,8396.54,0,325.8,7.24,558.93,555.85,270.5899999999983,3.1220253994113203,Normal,3.0799999999999272,20019.999999999527,Ekstrem (>300 NTU)
2026-08-24 22:00:00,Shift 2 (Sore),8824.41,8497.24,0,280.7,7.31,537.65,502.15,327.1700000000001,3.707556652512747,Normal,35.5,230750.0,Tinggi (150-300 NTU)
2026-08-24 23:00:00,Shift 2 (Sore),8368.33,8123.01,0,126.0,7.49,326.48,269.11,245.3199999999997,2.931528751853712,Normal,57.370000000000005,372905.00000000006,Sedang (50-150 NTU)
2026-08-25 00:00:00,Shift 3 (Malam),8735.34,8464.12,0,53.4,7.36,181.15,179.48,271.21999999999935,3.1048591125245193,Normal,1.670000000000016,10855.000000000104,Sedang (50-150 NTU)
2026-08-25 01:00:00,Shift 3 (Malam),8815.63,8213.67,1,86.5,7.26,198.85,227.8,601.9599999999991,6.828326506443659,Normal (Proses Backwash),0.0,0.0,Sedang (50-150 NTU)
2026-08-25 02:00:00,Shift 3 (Malam),8478.21,8257.26,0,116.9,7.57,282.45,260.37,220.9499999999989,2.6060925596322684,Normal,22.079999999999984,143519.99999999988,Sedang (50-150 NTU)
2026-08-25 03:00:00,Shift 3 (Malam),8871.56,8619.95,0,96.4,7.42,281.29,243.34,251.60999999999876,2.836141557967243,Normal,37.95000000000002,246675.00000000012,Sedang (50-150 NTU)
2026-08-25 04:00:00,Shift 3 (Malam),8750.77,8528.84,0,29.8,7.18,146.57,146.74,221.9300000000003,2.5361196786111426,Normal,0.0,0.0,Rendah (<50 NTU)
2026-08-25 05:00:00,Shift 3 (Malam),8637.71,8350.87,0,103.7,6.96,283.44,246.94,286.8399999999983,3.320787569853565,Normal,36.5,237250.0,Sedang (50-150 NTU)
2026-08-25 06:00:00,Shift 3 (Malam),8794.92,8526.29,0,96.8,7.0,241.1,241.8,268.6299999999992,3.054376844814952,Normal,0.0,0.0,Sedang (50-150 NTU)
2026-08-25 07:00:00,Shift 3 (Malam),9040.6,8750.17,0,137.0,7.39,327.52,306.59,290.4300000000003,3.2125080193792477,Normal,20.930000000000007,136045.00000000006,Sedang (50-150 NTU)
2026-08-25 08:00:00,Shift 1 (Pagi),8727.28,8489.28,0,150.2,7.07,358.59,314.49,238.0,2.7270810607657827,Normal,44.099999999999966,286649.99999999977,Tinggi (150-300 NTU)
2026-08-25 09:00:00,Shift 1 (Pagi),8737.23,8485.19,0,133.8,7.0,287.57,291.94,252.03999999999905,2.8846671084542708,Normal,0.0,0.0,Sedang (50-150 NTU)
2026-08-25 10:00:00,Shift 1 (Pagi),8631.1,8340.83,0,80.8,7.05,235.55,215.2,290.27000000000044,3.3630707557553547,Normal,20.350000000000023,132275.00000000015,Sedang (50-150 NTU)
2026-08-25 11:00:00,Shift 1 (Pagi),8572.52,8250.63,0,41.3,7.06,187.71,159.46,321.89000000000124,3.7549052087367683,Normal,28.25,183625.0,Rendah (<50 NTU)
2026-08-25 12:00:00,Shift 1 (Pagi),8824.55,8598.15,0,72.8,7.37,233.28,208.67,226.39999999999964,2.565569915746408,Normal,24.610000000000014,159965.0000000001,Sedang (50-150 NTU)
2026-08-25 13:00:00,Shift 1 (Pagi),8571.59,7878.08,1,79.8,7.17,217.0,212.26,693.5100000000002,8.09079762331143,Normal (Proses Backwash),4.740000000000009,30810.00000000006,Sedang (50-150 NTU)
2026-08-25 14:00:00,Shift 1 (Pagi),8710.73,8427.64,0,155.1,6.93,385.24,320.63,283.09000000000015,3.249899836179059,Normal,64.61000000000001,419965.0000000001,Tinggi (150-300 NTU)
2026-08-25 15:00:00,Shift 1 (Pagi),8628.35,8349.39,0,57.6,7.21,207.3,183.02,278.96000000000095,3.233063100129236,Normal,24.28,157820.0,Sedang (50-150 NTU)
2026-08-25 16:00:00,Shift 2 (Sore),8771.85,8495.5,0,45.8,7.24,157.86,169.53,276.35000000000036,3.1504186688098903,Normal,0.0,0.0,Rendah (<50 NTU)
2026-08-25 17:00:00,Shift 2 (Sore),8750.05,8523.4,0,65.5,7.1,226.05,196.71,226.64999999999964,2.5902709127376378,Normal,29.340000000000003,190710.00000000003,Sedang (50-150 NTU)
2026-08-25 18:00:00,Shift 2 (Sore),8855.63,8623.89,0,58.8,7.43,196.03,189.53,231.73999999999978,2.6168663324913055,Normal,6.5,42250.0,Sedang (50-150 NTU)
2026-08-25 19:00:00,Shift 2 (Sore),8623.5,8340.54,0,44.3,7.12,180.4,164.64,282.9599999999991,3.2812663071838477,Normal,15.76000000000002,102440.00000000013,Rendah (<50 NTU)
2026-08-25 20:00:00,Shift 2 (Sore),8659.52,8404.65,0,75.7,7.42,242.28,208.75,254.8700000000008,2.9432347289457246,Normal,33.53,217945.0,Sedang (50-150 NTU)
2026-08-25 21:00:00,Shift 2 (Sore),8553.19,8237.36,0,81.1,7.32,221.28,213.59,315.8299999999999,3.6925404439747034,Normal,7.689999999999998,49984.999999999985,Sedang (50-150 NTU)
2026-08-25 22:00:00,Shift 2 (Sore),8633.36,8371.89,0,43.5,7.39,155.22,163.67,261.47000000000116,3.028600683858905,Normal,0.0,0.0,Rendah (<50 NTU)
2026-08-25 23:00:00,Shift 2 (Sore),8756.6,8521.37,0,68.9,6.98,241.95,201.55,235.22999999999956,2.686316606902217,Normal,40.39999999999998,262599.9999999998,Sedang (50-150 NTU)
2026-08-26 00:00:00,Shift 3 (Malam),8813.55,8511.32,0,57.3,7.22,218.95,186.63,302.22999999999956,3.4291517039104513,Normal,32.31999999999999,210079.99999999994,Sedang (50-150 NTU)
2026-08-26 01:00:00,Shift 3 (Malam),8561.68,7934.98,1,37.5,7.19,165.42,154.17,626.7000000000007,7.319825081058866,Normal (Proses Backwash),11.25,73125.0,Rendah (<50 NTU)
2026-08-26 02:00:00,Shift 3 (Malam),8830.44,8549.36,0,82.2,6.92,255.0,222.07,281.0799999999999,3.183080344807279,Normal,32.93000000000001,214045.00000000006,Sedang (50-150 NTU)
2026-08-26 03:00:00,Shift 3 (Malam),8903.35,8599.99,0,85.6,7.42,240.33,228.79,303.3600000000006,3.4072568190624946,Normal,11.54000000000002,75010.00000000013,Sedang (50-150 NTU)
2026-08-26 04:00:00,Shift 3 (Malam),8762.02,8440.42,0,57.4,7.04,201.83,185.55,321.60000000000036,3.6703865090470043,Normal,16.28,105820.00000000001,Sedang (50-150 NTU)
2026-08-26 05:00:00,Shift 3 (Malam),8981.52,8664.49,0,121.8,7.08,302.11,282.75,317.03000000000065,3.5298034185750367,Normal,19.360000000000014,125840.00000000009,Sedang (50-150 NTU)
2026-08-26 06:00:00,Shift 3 (Malam),8583.93,8293.86,0,79.0,7.0,222.91,211.55,290.0699999999997,3.3792214055799583,Normal,11.359999999999985,73839.9999999999,Sedang (50-150 NTU)
2026-08-26 07:00:00,Shift 3 (Malam),8513.3,8225.25,0,58.4,7.34,201.44,181.68,288.0499999999993,3.3835293012110377,Normal,19.75999999999999,128439.99999999994,Sedang (50-150 NTU)
2026-08-26 08:00:00,Shift 1 (Pagi),8433.19,8118.66,0,42.6,6.89,156.03,158.68,314.53000000000065,3.7296681326994965,Normal,0.0,0.0,Rendah (<50 NTU)
2026-08-26 09:00:00,Shift 1 (Pagi),8924.41,8666.98,0,87.5,7.32,245.99,232.09,257.4300000000003,2.884560435927981,Normal,13.900000000000006,90350.00000000004,Sedang (50-150 NTU)
2026-08-26 10:00:00,Shift 1 (Pagi),8798.15,8578.07,0,96.7,7.41,267.17,241.75,220.07999999999993,2.501434960758795,Normal,25.420000000000016,165230.00000000012,Sedang (50-150 NTU)
2026-08-26 11:00:00,Shift 1 (Pagi),8691.66,8443.64,0,64.1,7.31,237.3,193.39,248.02000000000044,2.853540060241662,Normal,43.910000000000025,285415.0000000002,Sedang (50-150 NTU)
2026-08-26 12:00:00,Shift 1 (Pagi),8742.0,8498.68,0,83.3,7.34,218.41,221.38,243.3199999999997,2.7833447723633,Normal,0.0,0.0,Sedang (50-150 NTU)
2026-08-26 13:00:00,Shift 1 (Pagi),8531.18,7864.5,1,150.2,7.35,344.82,307.42,666.6800000000003,7.814628222590548,Normal (Proses Backwash),37.39999999999998,243099.99999999985,Tinggi (150-300 NTU)
2026-08-26 14:00:00,Shift 1 (Pagi),9066.86,8765.5,0,113.3,7.01,308.81,273.19,301.3600000000006,3.323752655274269,Normal,35.620000000000005,231530.00000000003,Sedang (50-150 NTU)
2026-08-26 15:00:00,Shift 1 (Pagi),8719.38,8434.13,0,34.4,7.49,141.93,152.63,285.25,3.2714481992985744,Normal,0.0,0.0,Rendah (<50 NTU)
2026-08-26 16:00:00,Shift 2 (Sore),8716.41,8496.66,0,58.1,7.11,206.61,185.66,219.75,2.5211067400455,Normal,20.950000000000017,136175.00000000012,Sedang (50-150 NTU)
2026-08-26 17:00:00,Shift 2 (Sore),8808.86,8505.19,0,74.2,7.19,241.85,210.23,303.6700000000001,3.447324625433939,Normal,31.620000000000005,205530.00000000003,Sedang (50-150 NTU)
2026-08-26 18:00:00,Shift 2 (Sore),8772.15,8515.95,0,80.9,7.13,246.59,218.79,256.1999999999989,2.920606692771999,Normal,27.80000000000001,180700.0000000001,Sedang (50-150 NTU)
2026-08-26 19:00:00,Shift 2 (Sore),8733.58,8439.73,0,84.0,7.3,238.52,222.23,293.85000000000036,3.3645996258120996,Normal,16.29000000000002,105885.00000000013,Sedang (50-150 NTU)
2026-08-26 20:00:00,Shift 2 (Sore),8581.43,8304.8,0,94.1,7.09,256.96,232.19,276.630000000001,3.22358860935766,Normal,24.769999999999982,161004.99999999988,Sedang (50-150 NTU)
2026-08-26 21:00:00,Shift 2 (Sore),8770.72,8512.37,0,75.2,7.21,230.47,210.75,258.34999999999854,2.9455962566356986,Normal,19.72,128179.99999999999,Sedang (50-150 NTU)
2026-08-26 22:00:00,Shift 2 (Sore),8982.3,8742.03,0,79.0,6.95,209.05,221.25,240.26999999999862,2.6749273571356853,Normal,0.0,0.0,Sedang (50-150 NTU)
2026-08-26 23:00:00,Shift 2 (Sore),8901.81,8668.34,0,115.9,7.43,297.87,271.91,233.46999999999935,2.6227250413118157,Normal,25.95999999999998,168739.99999999985,Sedang (50-150 NTU)
2026-08-27 00:00:00,Shift 3 (Malam),8938.98,8618.88,0,88.3,7.33,245.34,233.52,320.10000000000036,3.580945477000736,Normal,11.819999999999993,76829.99999999996,Sedang (50-150 NTU)
2026-08-27 01:00:00,Shift 3 (Malam),8623.32,7924.78,1,49.0,7.14,175.16,171.12,698.54,8.100592347263003,Normal (Proses Backwash),4.039999999999992,26259.99999999995,Rendah (<50 NTU)
2026-08-27 02:00:00,Shift 3 (Malam),8551.56,8265.53,0,82.0,7.11,274.63,214.76,286.02999999999884,3.3447698431631054,Normal,59.870000000000005,389155.00000000006,Sedang (50-150 NTU)
2026-08-27 03:00:00,Shift 3 (Malam),8681.13,8452.43,0,74.2,7.33,244.65,207.3,228.6999999999989,2.6344496626591116,Normal,37.349999999999994,242774.99999999997,Sedang (50-150 NTU)
2026-08-27 04:00:00,Shift 3 (Malam),8708.36,8445.14,0,37.5,7.06,154.81,156.69,263.22000000000116,3.022612753721724,Normal,0.0,0.0,Rendah (<50 NTU)
2026-08-27 05:00:00,Shift 3 (Malam),8864.13,8558.53,0,83.7,7.23,249.37,225.12,305.59999999999854,3.447602866835195,Normal,24.25,157625.0,Sedang (50-150 NTU)
2026-08-27 06:00:00,Shift 3 (Malam),8446.13,8149.35,0,51.3,7.43,204.27,170.7,296.77999999999884,3.5137986273003006,Normal,33.57000000000002,218205.00000000015,Sedang (50-150 NTU)
2026-08-27 07:00:00,Shift 3 (Malam),8929.43,8692.47,0,116.7,7.04,262.98,273.85,236.96000000000095,2.65369682051375,Normal,0.0,0.0,Sedang (50-150 NTU)
2026-08-27 08:00:00,Shift 1 (Pagi),8676.3,8459.39,0,93.5,7.27,254.12,233.96,216.90999999999985,2.5000288141258356,Normal,20.159999999999997,131039.99999999997,Sedang (50-150 NTU)
2026-08-27 09:00:00,Shift 1 (Pagi),8635.97,8340.12,0,48.1,7.26,185.35,170.06,295.84999999999854,3.425787722745662,Normal,15.289999999999992,99384.99999999994,Rendah (<50 NTU)
2026-08-27 10:00:00,Shift 1 (Pagi),8548.18,8294.85,0,114.3,7.18,253.27,258.96,253.32999999999993,2.963554815177031,Normal,0.0,0.0,Sedang (50-150 NTU)
2026-08-27 11:00:00,Shift 1 (Pagi),8451.77,8212.52,0,138.0,7.1,319.77,287.99,239.25,2.830767992976619,Normal,31.779999999999973,206569.99999999983,Sedang (50-150 NTU)
2026-08-27 12:00:00,Shift 1 (Pagi),8823.48,8601.41,0,70.6,7.44,240.31,205.52,222.0699999999997,2.516807427454924,Normal,34.78999999999999,226134.99999999994,Sedang (50-150 NTU)
2026-08-27 13:00:00,Shift 1 (Pagi),8711.0,8052.04,1,74.1,7.08,249.45,207.76,658.96,7.564688325106188,Normal (Proses Backwash),41.69,270985.0,Sedang (50-150 NTU)
2026-08-27 14:00:00,Shift 1 (Pagi),8506.51,8199.72,0,109.4,6.84,266.1,251.03,306.7900000000009,3.6065319384800683,Normal,15.070000000000022,97955.00000000015,Sedang (50-150 NTU)
2026-08-27 15:00:00,Shift 1 (Pagi),8505.74,8187.2,0,133.3,7.33,362.86,283.45,318.53999999999996,3.745000435000364,Normal,79.41000000000003,516165.0000000002,Sedang (50-150 NTU)
2026-08-27 16:00:00,Shift 2 (Sore),8649.63,8369.78,0,40.4,6.96,146.16,159.68,279.84999999999854,3.2353985083754857,Normal,0.0,0.0,Rendah (<50 NTU)
2026-08-27 17:00:00,Shift 2 (Sore),8950.35,8666.73,0,50.0,7.34,198.51,179.08,283.6200000000008,3.1688146273609505,Normal,19.42999999999998,126294.99999999985,Rendah (<50 NTU)
2026-08-27 18:00:00,Shift 2 (Sore),8661.06,8434.96,0,66.0,7.47,188.96,195.41,226.10000000000036,2.610534969160823,Normal,0.0,0.0,Sedang (50-150 NTU)
2026-08-27 19:00:00,Shift 2 (Sore),8474.53,8202.2,0,68.9,7.33,212.12,195.11,272.3299999999999,3.2135115457730388,Normal,17.00999999999999,110564.99999999994,Sedang (50-150 NTU)
2026-08-27 20:00:00,Shift 2 (Sore),8663.14,8403.77,0,108.1,7.41,263.45,253.75,259.369999999999,2.9939490762009964,Normal,9.699999999999989,63049.99999999993,Sedang (50-150 NTU)
2026-08-27 21:00:00,Shift 2 (Sore),8659.09,8374.27,0,133.6,7.6,323.84,289.0,284.8199999999997,3.2892601878488352,Normal,34.839999999999975,226459.99999999983,Sedang (50-150 NTU)
2026-08-27 22:00:00,Shift 2 (Sore),8295.47,8046.16,0,138.1,7.39,302.65,282.89,249.3099999999995,3.0053752228625927,Normal,19.75999999999999,128439.99999999994,Sedang (50-150 NTU)
2026-08-27 23:00:00,Shift 2 (Sore),8691.86,8447.41,0,40.1,7.27,162.27,160.04,244.45000000000073,2.812401488289051,Normal,2.230000000000018,14495.000000000118,Rendah (<50 NTU)
2026-08-28 00:00:00,Shift 3 (Malam),8665.36,8438.03,0,56.1,7.53,185.26,181.77,227.32999999999993,2.6234339946638094,Normal,3.4899999999999807,22684.999999999873,Sedang (50-150 NTU)
2026-08-28 01:00:00,Shift 3 (Malam),8804.43,8168.28,1,47.3,7.55,212.74,172.32,636.1500000000005,7.225339970901018,Normal (Proses Backwash),40.420000000000016,262730.0000000001,Rendah (<50 NTU)
2026-08-28 02:00:00,Shift 3 (Malam),8977.34,8741.63,0,61.2,7.55,218.27,195.68,235.71000000000095,2.625610704284353,Normal,22.590000000000003,146835.00000000003,Sedang (50-150 NTU)
2026-08-28 03:00:00,Shift 3 (Malam),8868.98,8626.86,0,56.0,7.1,175.48,185.92,242.11999999999898,2.7299644378496626,Normal,0.0,0.0,Sedang (50-150 NTU)
2026-08-28 04:00:00,Shift 3 (Malam),8659.67,8332.03,0,93.4,6.93,262.3,233.35,327.6399999999994,3.7835160000323267,Normal,28.950000000000017,188175.00000000012,Sedang (50-150 NTU)
2026-08-28 05:00:00,Shift 3 (Malam),8534.02,8271.4,0,98.2,7.09,251.79,236.55,262.6200000000008,3.0773304960616543,Normal,15.23999999999998,99059.99999999987,Sedang (50-150 NTU)
2026-08-28 06:00:00,Shift 3 (Malam),9086.0,8796.03,0,78.5,7.34,241.15,223.22,289.96999999999935,3.191393352410294,Normal,17.930000000000007,116545.00000000004,Sedang (50-150 NTU)
2026-08-28 07:00:00,Shift 3 (Malam),8708.88,8392.25,0,75.5,7.23,240.24,209.71,316.6299999999992,3.6357143513287498,Normal,30.53,198445.0,Sedang (50-150 NTU)
2026-08-28 08:00:00,Shift 1 (Pagi),8702.09,8371.91,0,67.1,7.16,232.47,197.9,330.1800000000003,3.794260918928674,Normal,34.56999999999999,224704.99999999994,Sedang (50-150 NTU)
2026-08-28 09:00:00,Shift 1 (Pagi),8696.38,8413.09,0,70.3,7.31,204.48,202.2,283.28999999999905,3.257562342031961,Normal,2.280000000000001,14820.000000000007,Sedang (50-150 NTU)
2026-08-28 10:00:00,Shift 1 (Pagi),8729.71,8419.27,0,149.4,6.91,337.81,313.48,310.4399999999987,3.556131876087507,Normal,24.329999999999984,158144.99999999988,Sedang (50-150 NTU)
2026-08-28 11:00:00,Shift 1 (Pagi),8678.35,8424.5,0,104.5,7.23,258.27,249.22,253.85000000000036,2.925095208190501,Normal,9.049999999999983,58824.99999999989,Sedang (50-150 NTU)
2026-08-28 12:00:00,Shift 1 (Pagi),8613.95,8364.36,0,68.2,7.42,222.51,197.3,249.59000000000015,2.897509272749437,Normal,25.20999999999998,163864.99999999985,Sedang (50-150 NTU)
2026-08-28 13:00:00,Shift 1 (Pagi),8617.97,7977.41,1,74.9,7.31,219.4,206.7,640.5599999999995,7.432840912651118,Normal (Proses Backwash),12.700000000000017,82550.00000000012,Sedang (50-150 NTU)
2026-08-28 14:00:00,Shift 1 (Pagi),8695.09,8401.69,0,94.3,7.34,254.98,235.58,293.39999999999964,3.374318149668372,Normal,19.399999999999977,126099.99999999985,Sedang (50-150 NTU)
2026-08-28 15:00:00,Shift 1 (Pagi),8618.49,8326.59,0,48.1,7.52,179.62,169.71,291.89999999999964,3.3869042024763,Normal,9.909999999999997,64414.99999999998,Rendah (<50 NTU)
2026-08-28 16:00:00,Shift 2 (Sore),8593.07,8343.03,0,83.1,7.19,232.97,217.42,250.03999999999905,2.909786607114792,Normal,15.550000000000011,101075.00000000007,Sedang (50-150 NTU)
2026-08-28 17:00:00,Shift 2 (Sore),8715.96,8482.97,0,102.0,7.07,300.25,246.84,232.98999999999978,2.67314214383728,Normal,53.41,347165.0,Sedang (50-150 NTU)
2026-08-28 18:00:00,Shift 2 (Sore),8661.75,8374.0,0,96.4,7.44,302.01,237.57,287.75,3.322076947499062,Normal,64.44,418860.0,Sedang (50-150 NTU)
2026-08-28 19:00:00,Shift 2 (Sore),8925.6,8687.57,0,56.5,7.43,208.52,187.82,238.03000000000065,2.666823518867086,Normal,20.700000000000017,134550.00000000012,Sedang (50-150 NTU)
2026-08-28 20:00:00,Shift 2 (Sore),8302.35,8032.36,0,60.5,7.31,192.98,180.02,269.9900000000007,3.25197082753679,Normal,12.95999999999998,84239.99999999987,Sedang (50-150 NTU)
2026-08-28 21:00:00,Shift 2 (Sore),8863.73,8562.23,0,36.3,7.17,150.31,157.83,301.5,3.401502527716887,Normal,0.0,0.0,Rendah (<50 NTU)
2026-08-28 22:00:00,Shift 2 (Sore),8886.91,8583.8,0,106.7,7.2,263.28,258.33,303.1100000000006,3.4107468175102547,Normal,4.949999999999989,32174.999999999927,Sedang (50-150 NTU)
2026-08-28 23:00:00,Shift 2 (Sore),8388.99,8097.1,0,178.8,6.94,364.46,340.66,291.8899999999994,3.4794415060692576,Normal,23.799999999999955,154699.9999999997,Tinggi (150-300 NTU)
2026-08-29 00:00:00,Shift 3 (Malam),8648.6,8334.24,0,53.6,7.42,181.99,177.94,314.3600000000006,3.634807945794702,Normal,4.050000000000011,26325.000000000073,Sedang (50-150 NTU)
2026-08-29 01:00:00,Shift 3 (Malam),8644.28,7991.99,1,123.0,7.42,282.36,273.82,652.2900000000009,7.545914755190725,Normal (Proses Backwash),8.54000000000002,55510.00000000013,Sedang (50-150 NTU)
2026-08-29 02:00:00,Shift 3 (Malam),8488.87,8196.06,0,171.3,6.94,403.4,334.48,292.8100000000013,3.449340135966286,Normal,68.91999999999996,447979.9999999997,Tinggi (150-300 NTU)
2026-08-29 03:00:00,Shift 3 (Malam),8583.33,8299.65,0,64.5,7.37,207.4,191.63,283.6800000000003,3.305010992237282,Normal,15.77000000000001,102505.00000000007,Sedang (50-150 NTU)
2026-08-29 04:00:00,Shift 3 (Malam),8533.41,8299.37,0,74.9,7.28,223.04,204.73,234.03999999999905,2.7426316091691256,Normal,18.310000000000002,119015.00000000001,Sedang (50-150 NTU)
2026-08-29 05:00:00,Shift 3 (Malam),8962.84,8735.78,0,87.1,7.0,238.46,232.4,227.0599999999995,2.5333488046199584,Normal,6.060000000000002,39390.000000000015,Sedang (50-150 NTU)
2026-08-29 06:00:00,Shift 3 (Malam),8840.35,8586.64,0,95.1,6.96,282.53,240.62,253.71000000000095,2.8699089968157474,Normal,41.90999999999997,272414.99999999977,Sedang (50-150 NTU)
2026-08-29 07:00:00,Shift 3 (Malam),8890.73,8617.26,0,89.0,7.27,248.05,233.35,273.46999999999935,3.0759004041287876,Normal,14.700000000000017,95550.00000000012,Sedang (50-150 NTU)
2026-08-29 08:00:00,Shift 1 (Pagi),8808.25,8517.38,0,66.5,7.12,207.12,199.47,290.8700000000008,3.302245054352463,Normal,7.650000000000006,49725.00000000004,Sedang (50-150 NTU)
2026-08-29 09:00:00,Shift 1 (Pagi),8530.64,8223.12,0,101.3,7.56,229.48,240.66,307.5199999999986,3.604887792709558,Normal,0.0,0.0,Sedang (50-150 NTU)
2026-08-29 10:00:00,Shift 1 (Pagi),8621.32,8383.79,0,67.1,7.39,210.81,196.08,237.52999999999884,2.7551465436847127,Normal,14.72999999999999,95744.99999999993,Sedang (50-150 NTU)
2026-08-29 11:00:00,Shift 1 (Pagi),8773.41,8539.75,0,91.6,7.29,242.28,233.89,233.65999999999985,2.663274599044156,Normal,8.390000000000015,54535.000000000095,Sedang (50-150 NTU)
2026-08-29 12:00:00,Shift 1 (Pagi),8516.68,8197.09,0,77.4,7.3,252.24,207.65,319.59000000000015,3.752518587055051,Normal,44.59,289835.0,Sedang (50-150 NTU)
2026-08-29 13:00:00,Shift 1 (Pagi),8806.95,8194.41,1,38.9,7.47,196.94,160.44,612.5400000000009,6.955188799754748,Normal (Proses Backwash),36.5,237250.0,Rendah (<50 NTU)
2026-08-29 14:00:00,Shift 1 (Pagi),8663.95,8393.46,0,131.1,7.37,280.29,285.67,270.4900000000016,3.122017093819812,Normal,0.0,0.0,Sedang (50-150 NTU)
2026-08-29 15:00:00,Shift 1 (Pagi),8643.78,8361.88,0,61.1,7.3,186.45,188.29,281.90000000000146,3.2613046606924447,Normal,0.0,0.0,Sedang (50-150 NTU)
2026-08-29 16:00:00,Shift 2 (Sore),8806.64,8524.5,0,137.0,7.0,316.01,298.71,282.1399999999994,3.2037190120181984,Normal,17.30000000000001,112450.00000000007,Sedang (50-150 NTU)
2026-08-29 17:00:00,Shift 2 (Sore),8766.64,8537.67,0,120.8,7.81,278.67,274.63,228.96999999999935,2.6118330397963114,Normal,4.0400000000000205,26260.000000000135,Sedang (50-150 NTU)
2026-08-29 18:00:00,Shift 2 (Sore),8645.86,8423.3,0,86.0,6.98,244.35,222.66,222.5600000000013,2.5741800121676883,Normal,21.689999999999998,140984.99999999997,Sedang (50-150 NTU)
2026-08-29 19:00:00,Shift 2 (Sore),8873.9,8639.88,0,97.2,7.14,257.71,244.53,234.02000000000044,2.6371719311689388,Normal,13.179999999999978,85669.99999999985,Sedang (50-150 NTU)
2026-08-29 20:00:00,Shift 2 (Sore),8537.84,8259.4,0,102.3,6.87,267.02,242.21,278.4400000000005,3.2612464042427654,Normal,24.809999999999974,161264.99999999983,Sedang (50-150 NTU)
2026-08-29 21:00:00,Shift 2 (Sore),8792.39,8510.36,0,72.1,7.31,240.39,207.0,282.02999999999884,3.207660260748202,Normal,33.389999999999986,217034.9999999999,Sedang (50-150 NTU)
2026-08-29 22:00:00,Shift 2 (Sore),8788.97,8542.53,0,73.5,7.23,207.81,208.89,246.4399999999987,2.803969065772198,Normal,0.0,0.0,Sedang (50-150 NTU)
2026-08-29 23:00:00,Shift 2 (Sore),8653.57,8365.48,0,100.2,7.35,281.24,242.52,288.09000000000015,3.3291462367554683,Normal,38.72,251680.0,Sedang (50-150 NTU)
2026-08-30 00:00:00,Shift 3 (Malam),8748.92,8436.93,0,77.7,6.85,218.43,213.79,311.9899999999998,3.566040151241522,Normal,4.640000000000015,30160.000000000095,Sedang (50-150 NTU)
2026-08-30 01:00:00,Shift 3 (Malam),8512.33,7914.92,1,66.6,7.42,241.47,192.89,597.4099999999999,7.018172462768711,Normal (Proses Backwash),48.58000000000001,315770.00000000006,Sedang (50-150 NTU)
2026-08-30 02:00:00,Shift 3 (Malam),8838.6,8560.4,0,56.9,7.04,225.58,186.48,278.2000000000007,3.1475573054556234,Normal,39.10000000000002,254150.00000000015,Sedang (50-150 NTU)
2026-08-30 03:00:00,Shift 3 (Malam),8672.26,8377.75,0,92.8,7.17,249.3,232.78,294.5100000000002,3.39600058116339,Normal,16.52000000000001,107380.00000000007,Sedang (50-150 NTU)
2026-08-30 04:00:00,Shift 3 (Malam),8621.59,8377.77,0,60.4,7.39,187.28,186.74,243.8199999999997,2.828016641941912,Normal,0.539999999999992,3509.999999999948,Sedang (50-150 NTU)
2026-08-30 05:00:00,Shift 3 (Malam),8857.35,8600.48,0,111.7,7.25,261.38,264.65,256.8700000000008,2.900077336901001,Normal,0.0,0.0,Sedang (50-150 NTU)
2026-08-30 06:00:00,Shift 3 (Malam),8594.35,8310.93,0,115.9,7.27,301.87,262.52,283.4200000000001,3.2977479390529836,Normal,39.35000000000002,255775.00000000015,Sedang (50-150 NTU)
2026-08-30 07:00:00,Shift 3 (Malam),8488.73,8177.42,0,96.9,7.36,251.59,233.48,311.3099999999995,3.6673330403959072,Normal,18.110000000000014,117715.00000000009,Sedang (50-150 NTU)
2026-08-30 08:00:00,Shift 1 (Pagi),8466.51,8165.7,0,105.7,7.29,282.51,244.77,300.8100000000004,3.5529397591215317,Normal,37.73999999999998,245309.99999999988,Sedang (50-150 NTU)
2026-08-30 09:00:00,Shift 1 (Pagi),8790.9,8504.49,0,97.0,7.13,303.99,241.97,286.40999999999985,3.2580281882401105,Normal,62.02000000000001,403130.00000000006,Sedang (50-150 NTU)
2026-08-30 10:00:00,Shift 1 (Pagi),8507.94,8214.47,0,109.0,7.17,255.04,250.44,293.47000000000116,3.4493661215288443,Normal,4.599999999999994,29899.999999999964,Sedang (50-150 NTU)
2026-08-30 11:00:00,Shift 1 (Pagi),8963.22,8696.63,0,107.0,7.24,256.14,260.95,266.59000000000015,2.974265944604731,Normal,0.0,0.0,Sedang (50-150 NTU)
2026-08-30 12:00:00,Shift 1 (Pagi),8387.71,8108.13,0,90.7,7.02,243.52,222.31,279.579999999999,3.3332101372126486,Normal,21.210000000000008,137865.00000000006,Sedang (50-150 NTU)
2026-08-30 13:00:00,Shift 1 (Pagi),8954.47,8296.34,1,121.5,7.4,329.79,281.49,658.1299999999992,7.34973705869805,Normal (Proses Backwash),48.30000000000001,313950.00000000006,Sedang (50-150 NTU)
2026-08-30 14:00:00,Shift 1 (Pagi),8731.65,8491.8,0,73.2,7.26,208.01,207.02,239.85000000000036,2.7469035062101708,Normal,0.9899999999999807,6434.9999999998745,Sedang (50-150 NTU)
2026-08-30 15:00:00,Shift 1 (Pagi),8685.49,8389.12,0,57.5,7.21,199.4,184.16,296.369999999999,3.4122427174517385,Normal,15.240000000000009,99060.00000000006,Sedang (50-150 NTU)
2026-08-30 16:00:00,Shift 2 (Sore),8618.26,8340.46,0,56.4,7.44,215.57,181.21,277.8000000000011,3.2233884798091617,Normal,34.359999999999985,223339.9999999999,Sedang (50-150 NTU)
2026-08-30 17:00:00,Shift 2 (Sore),8759.87,8500.03,0,68.9,7.18,191.47,201.68,259.84000000000015,2.966254065414214,Normal,0.0,0.0,Sedang (50-150 NTU)
2026-08-30 18:00:00,Shift 2 (Sore),8694.35,8373.99,0,37.3,7.16,171.68,156.24,320.3600000000006,3.68469178259445,Normal,15.439999999999998,100359.99999999999,Rendah (<50 NTU)
2026-08-30 19:00:00,Shift 2 (Sore),8865.5,8641.45,0,85.6,7.1,236.2,227.82,224.04999999999927,2.52721222717274,Normal,8.379999999999995,54469.99999999997,Sedang (50-150 NTU)
2026-08-30 20:00:00,Shift 2 (Sore),8717.13,8463.42,0,102.9,7.27,270.43,248.11,253.70999999999913,2.9104762691390302,Normal,22.319999999999993,145079.99999999994,Sedang (50-150 NTU)
2026-08-30 21:00:00,Shift 2 (Sore),8722.55,8498.03,0,115.2,7.26,301.73,265.43,224.51999999999862,2.5740179190718155,Normal,36.30000000000001,235950.0000000001,Sedang (50-150 NTU)
2026-08-30 22:00:00,Shift 2 (Sore),8645.46,8343.17,0,41.2,7.07,176.4,160.7,302.28999999999905,3.496517247202567,Normal,15.700000000000017,102050.00000000012,Rendah (<50 NTU)
2026-08-30 23:00:00,Shift 2 (Sore),8691.46,8394.84,0,57.1,7.16,183.55,183.7,296.619999999999,3.412775298971623,Normal,0.0,0.0,Sedang (50-150 NTU)

